local	az	el	pv15_helper	pv45_helper	wind_kmh	wind_lastupdated_age_min	gust_raw	bezet
2026-09-12 00:00	331.3	-30.1	None	None	None		None	None
2026-09-12 00:05	332.7	-30.4	None	None	None		None	None
2026-09-12 00:10	334.1	-30.8	None	None	None		None	None
2026-09-12 00:15	335.5	-31.1	None	None	None		None	None
2026-09-12 00:20	336.9	-31.4	None	None	None		None	None
2026-09-12 00:25	338.3	-31.7	None	None	None		None	None
2026-09-12 00:30	339.7	-32.0	None	None	None		None	None
2026-09-12 00:35	341.2	-32.3	None	None	None		None	None
2026-09-12 00:40	342.6	-32.5	None	None	None		None	None
2026-09-12 00:45	344.1	-32.7	None	None	None		None	None
2026-09-12 00:50	345.5	-32.9	None	None	None		None	None
2026-09-12 00:55	347.0	-33.1	None	None	None		None	None
2026-09-12 01:00	348.5	-33.3	None	None	None		None	None
2026-09-12 01:05	350.0	-33.4	None	None	None		None	None
2026-09-12 01:10	351.5	-33.5	None	None	None		None	None
2026-09-12 01:15	353.0	-33.7	None	None	None		None	None
2026-09-12 01:20	354.4	-33.7	None	None	None		None	None
2026-09-12 01:25	355.9	-33.8	None	None	None		None	None
2026-09-12 01:30	357.4	-33.9	None	None	None		None	None
2026-09-12 01:35	358.9	-33.9	None	None	None		None	None
2026-09-12 01:40	0.4	-33.9	None	None	None		None	None
2026-09-12 01:45	1.9	-33.9	None	None	None		None	None
2026-09-12 01:50	3.4	-33.8	None	None	None		None	None
2026-09-12 01:55	4.9	-33.8	None	None	None		None	None
2026-09-12 02:00	6.4	-33.7	None	None	None		None	None
2026-09-12 02:05	7.9	-33.6	None	None	None		None	None
2026-09-12 02:10	9.4	-33.5	None	None	None		None	None
2026-09-12 02:15	10.9	-33.4	None	None	None		None	None
2026-09-12 02:20	12.4	-33.2	None	None	None		None	None
2026-09-12 02:25	13.9	-33.0	None	None	None		None	None
2026-09-12 02:30	15.3	-32.8	None	None	None		None	None
2026-09-12 02:35	16.8	-32.6	None	None	None		None	None
2026-09-12 02:40	18.2	-32.4	None	None	None		None	None
2026-09-12 02:45	19.7	-32.1	None	None	None		None	None
2026-09-12 02:50	21.1	-31.9	None	None	None		None	None
2026-09-12 02:55	22.6	-31.6	None	None	None		None	None
2026-09-12 03:00	24.0	-31.3	None	None	None		None	None
2026-09-12 03:05	25.4	-31.0	None	None	None		None	None
2026-09-12 03:10	26.8	-30.6	None	None	None		None	None
2026-09-12 03:15	28.2	-30.3	None	None	None		None	None
2026-09-12 03:20	29.5	-29.9	None	None	None		None	None
2026-09-12 03:25	30.9	-29.5	None	None	None		None	None
2026-09-12 03:30	32.3	-29.1	None	None	None		None	None
2026-09-12 03:35	33.6	-28.7	None	None	None		None	None
2026-09-12 03:40	34.9	-28.3	None	None	None		None	None
2026-09-12 03:45	36.2	-27.8	None	None	None		None	None
2026-09-12 03:50	37.6	-27.3	None	None	None		None	None
2026-09-12 03:55	38.8	-26.9	None	None	None		None	None
2026-09-12 04:00	40.1	-26.4	None	None	None		None	None
2026-09-12 04:05	41.4	-25.9	None	None	None		None	None
2026-09-12 04:10	42.7	-25.4	None	None	None		None	None
2026-09-12 04:15	43.9	-24.8	None	None	None		None	None
2026-09-12 04:20	45.1	-24.3	None	None	None		None	None
2026-09-12 04:25	46.4	-23.7	None	None	None		None	None
2026-09-12 04:30	47.6	-23.2	None	None	None		None	None
2026-09-12 04:35	48.8	-22.6	None	None	None		None	None
2026-09-12 04:40	50.0	-22.0	None	None	None		None	None
2026-09-12 04:45	51.2	-21.4	None	None	None		None	None
2026-09-12 04:50	52.3	-20.8	None	None	None		None	None
2026-09-12 04:55	53.5	-20.2	None	None	None		None	None
2026-09-12 05:00	54.6	-19.6	None	None	None		None	None
2026-09-12 05:05	55.8	-18.9	None	None	None		None	None
2026-09-12 05:10	56.9	-18.3	None	None	None		None	None
2026-09-12 05:15	58.0	-17.7	None	None	None		None	None
2026-09-12 05:20	59.1	-17.0	None	None	None		None	None
2026-09-12 05:25	60.2	-16.3	None	None	None		None	None
2026-09-12 05:30	61.3	-15.7	None	None	None		None	None
2026-09-12 05:35	62.4	-15.0	None	None	3.708	0.35548551666666667	None	None
2026-09-12 05:40	63.5	-14.3	None	None	3.708	5.355485516666667	None	None
2026-09-12 05:45	64.5	-13.6	None	None	3.708	10.355485516666667	None	None
2026-09-12 05:50	65.6	-12.9	None	None	3.708	15.355485516666667	None	None
2026-09-12 05:55	66.7	-12.2	None	None	3.708	20.355485516666665	None	None
2026-09-12 06:00	67.7	-11.5	None	None	3.708	25.355485516666665	None	None
2026-09-12 06:05	68.7	-10.8	None	None	5.544	0.35559541666666666	None	None
2026-09-12 06:10	69.8	-10.0	None	None	5.544	5.3555954166666675	None	None
2026-09-12 06:15	70.8	-9.3	None	None	5.544	10.355595416666667	None	None
2026-09-12 06:20	71.8	-8.6	None	None	5.544	15.355595416666667	None	None
2026-09-12 06:25	72.8	-7.9	None	None	5.544	20.355595416666667	None	None
2026-09-12 06:30	73.9	-7.1	None	None	5.544	25.355595416666667	None	None
2026-09-12 06:35	74.9	-6.4	None	None	7.416	0.3563360333333333	None	None
2026-09-12 06:40	75.9	-5.6	None	None	7.416	5.356336033333333	None	None
2026-09-12 06:45	76.9	-4.9	None	None	7.416	10.356336033333333	None	None
2026-09-12 06:50	77.9	-4.1	None	None	7.416	15.356336033333333	None	None
2026-09-12 06:55	78.9	-3.4	None	None	7.416	20.35633603333333	None	None
2026-09-12 07:00	79.9	-2.6	None	None	7.416	25.35633603333333	None	None
2026-09-12 07:05	80.8	-1.9	None	None	5.544	0.35308045	None	None
2026-09-12 07:10	81.8	-1.1	None	None	5.544	5.353080449999999	None	None
2026-09-12 07:15	82.8	-0.3	None	None	5.544	10.35308045	None	None
2026-09-12 07:20	83.8	0.4	None	None	5.544	15.35308045	None	None
2026-09-12 07:25	84.8	1.2	None	None	5.544	20.35308045	None	None
2026-09-12 07:30	85.8	2.0	None	None	5.544	25.35308045	None	None
2026-09-12 07:35	86.8	2.7	None	None	9.252	0.3566584	None	None
2026-09-12 07:40	87.7	3.5	None	None	9.252	5.3566584	None	None
2026-09-12 07:45	88.7	4.3	None	None	9.252	10.356658399999999	None	None
2026-09-12 07:50	89.7	5.1	None	None	9.252	15.356658399999999	None	None
2026-09-12 07:55	90.7	5.8	24.0	8.0	9.252	20.3566584	None	None
2026-09-12 08:00	91.7	6.6	55.0	18.0	9.252	25.3566584	None	None
2026-09-12 08:05	92.7	7.4	81.0	26.0	9.252	30.3566584	None	None
2026-09-12 08:10	93.7	8.1	79.0	35.0	9.252	35.3566584	None	None
2026-09-12 08:15	94.6	8.9	80.0	45.0	9.252	40.3566584	None	None
2026-09-12 08:20	95.6	9.7	99.0	59.0	9.252	45.3566584	None	None
2026-09-12 08:25	96.6	10.4	125.0	76.0	9.252	50.3566584	None	None
2026-09-12 08:30	97.6	11.2	156.0	97.0	9.252	55.3566584	None	None
2026-09-12 08:35	98.6	12.0	194.0	124.0	11.124	0.3555949	None	None
2026-09-12 08:40	99.7	12.7	254.0	153.0	11.124	5.3555949	None	None
2026-09-12 08:45	100.7	13.5	329.0	188.0	11.124	10.3555949	None	None
2026-09-12 08:50	101.7	14.2	403.0	231.0	11.124	15.3555949	None	None
2026-09-12 08:55	102.7	15.0	465.0	282.0	11.124	20.355594900000003	None	None
2026-09-12 09:00	103.8	15.8	519.0	335.0	11.124	25.355594900000003	None	None
2026-09-12 09:05	104.8	16.5	583.0	393.0	12.96	0.35582151666666667	None	None
2026-09-12 09:10	105.8	17.2	648.0	456.0	12.96	5.3558215166666665	None	None
2026-09-12 09:15	106.9	18.0	684.0	511.0	12.96	10.355821516666667	None	None
2026-09-12 09:20	108.0	18.7	752.0	580.0	12.96	15.355821516666667	None	None
2026-09-12 09:25	109.0	19.5	831.0	647.0	12.96	20.355821516666666	None	None
2026-09-12 09:30	110.1	20.2	937.0	714.0	12.96	25.355821516666666	None	None
2026-09-12 09:35	111.2	20.9	1020.0	786.0	12.96	30.355821516666666	None	None
2026-09-12 09:40	112.3	21.6	1094.0	857.0	12.96	35.355821516666666	None	None
2026-09-12 09:45	113.4	22.3	1179.0	934.0	12.96	40.355821516666666	None	None
2026-09-12 09:50	114.5	23.0	1235.0	1003.0	12.96	45.355821516666666	None	None
2026-09-12 09:55	115.6	23.7	1319.0	1082.0	12.96	50.355821516666666	None	None
2026-09-12 10:00	116.8	24.4	1399.0	1172.0	12.96	55.355821516666666	None	None
2026-09-12 10:05	117.9	25.1	1490.0	1249.0	14.832	0.35551666666666665	None	None
2026-09-12 10:10	119.1	25.8	1551.0	1323.0	14.832	5.355516666666667	None	None
2026-09-12 10:15	120.2	26.5	1630.0	1403.0	14.832	10.355516666666666	None	None
2026-09-12 10:20	121.4	27.1	1710.0	1479.0	14.832	15.355516666666666	None	None
2026-09-12 10:25	122.6	27.8	1794.0	1556.0	14.832	20.355516666666666	None	None
2026-09-12 10:30	123.8	28.4	1851.0	1628.0	14.832	25.355516666666666	None	None
2026-09-12 10:35	125.1	29.0	1912.0	1704.0	18.504	0.3567675166666667	None	None
2026-09-12 10:40	126.3	29.7	1975.0	1774.0	18.504	5.356767516666666	None	None
2026-09-12 10:45	127.5	30.3	2042.0	1842.0	18.504	10.356767516666668	None	on
2026-09-12 10:50	128.8	30.9	2105.0	1909.0	18.504	15.356767516666668	None	on
2026-09-12 10:55	130.1	31.5	2174.0	1981.0	18.504	20.356767516666665	None	on
2026-09-12 11:00	131.4	32.1	2265.0	2053.0	18.504	25.356767516666665	None	off
2026-09-12 11:05	132.7	32.6	2306.0	2107.0	20.376	0.3565123333333334	None	off
2026-09-12 11:10	134.0	33.2	2385.0	2178.0	20.376	5.356512333333333	None	off
2026-09-12 11:15	135.4	33.8	2148.0	2154.0	20.376	10.356512333333335	None	off
2026-09-12 11:20	136.7	34.3	2143.0	2187.0	20.376	15.356512333333335	None	off
2026-09-12 11:25	138.1	34.8	1711.0	2093.0	20.376	20.356512333333335	None	off
2026-09-12 11:30	139.5	35.3	2023.0	2151.0	20.376	25.356512333333335	None	off
2026-09-12 11:35	140.9	35.8	2147.0	2190.0	20.376	30.356512333333335	None	off
2026-09-12 11:40	142.3	36.3	2584.0	2228.0	20.376	35.35651233333333	None	off
2026-09-12 11:45	143.8	36.8	2597.0	2252.0	20.376	40.35651233333333	None	off
2026-09-12 11:50	145.2	37.2	2505.0	2235.0	20.376	45.35651233333333	None	off
2026-09-12 11:55	146.7	37.6	1832.0	2052.0	20.376	50.35651233333333	None	off
2026-09-12 12:00	148.2	38.0	1722.0	2118.0	20.376	55.35651233333333	None	off
2026-09-12 12:05	149.7	38.4	1415.0	1993.0	16.668	0.35644405	None	off
2026-09-12 12:10	151.2	38.8	1244.0	1908.0	16.668	5.3564440499999995	None	off
2026-09-12 12:15	152.8	39.2	919.0	1747.0	16.668	10.35644405	None	off
2026-09-12 12:20	154.3	39.5	1124.0	1657.0	16.668	15.35644405	None	off
2026-09-12 12:25	155.9	39.9	1109.0	1405.0	16.668	20.35644405	None	off
2026-09-12 12:30	157.5	40.2	1351.0	1344.0	16.668	25.35644405	None	off
2026-09-12 12:35	159.0	40.4	1167.0	1219.0	22.212	0.35543403333333334	None	off
2026-09-12 12:40	160.6	40.7	1517.0	1275.0	22.212	5.355434033333333	None	off
2026-09-12 12:45	162.3	40.9	1221.0	1181.0	22.212	10.355434033333333	None	off
2026-09-12 12:50	163.9	41.2	1539.0	1264.0	22.212	15.355434033333333	None	off
2026-09-12 12:55	165.5	41.4	1461.0	1350.0	22.212	20.35543403333333	None	off
2026-09-12 13:00	167.2	41.6	1670.0	1407.0	22.212	25.35543403333333	None	off
2026-09-12 13:05	168.8	41.7	1704.0	1461.0	24.084	0.3548183	None	off
2026-09-12 13:10	170.5	41.9	1595.0	1522.0	24.084	5.354818300000001	None	off
2026-09-12 13:15	172.2	42.0	1330.0	1417.0	24.084	10.3548183	None	off
2026-09-12 13:20	173.8	42.1	1181.0	1471.0	24.084	15.3548183	None	off
2026-09-12 13:25	175.5	42.1	1200.0	1420.0	24.084	20.354818299999998	None	off
2026-09-12 13:30	177.2	42.2	1234.0	1421.0	24.084	25.354818299999998	None	off
2026-09-12 13:35	178.9	42.2	1147.0	1342.0	25.92	0.35589123333333333	None	off
2026-09-12 13:40	180.6	42.2	1086.0	1290.0	25.92	5.355891233333334	None	off
2026-09-12 13:45	182.2	42.2	961.0	1177.0	25.92	10.355891233333333	None	off
2026-09-12 13:50	183.9	42.1	905.0	1077.0	25.92	15.355891233333333	None	off
2026-09-12 13:55	185.6	42.1	883.0	1057.0	25.92	20.355891233333335	None	off
2026-09-12 14:00	187.3	42.0	738.0	978.0	25.92	25.355891233333335	None	on
2026-09-12 14:05	188.9	41.9	576.0	877.0	27.792	0.35527794999999995	None	on
2026-09-12 14:10	190.6	41.7	640.0	870.0	27.792	5.3552779500000005	None	on
2026-09-12 14:15	192.3	41.6	1165.0	946.0	27.792	10.35527795	None	on
2026-09-12 14:20	193.9	41.4	1821.0	1095.0	27.792	15.35527795	None	on
2026-09-12 14:25	195.6	41.2	2450.0	1319.0	27.792	20.35527795	None	off
2026-09-12 14:30	197.2	41.0	2713.0	1548.0	27.792	25.35527795	None	on
2026-09-12 14:35	198.8	40.8	3148.0	1835.0	27.792	30.35527795	None	on
2026-09-12 14:40	200.4	40.5	3224.0	2102.0	27.792	35.355277949999994	None	on
2026-09-12 14:45	202.0	40.2	3257.0	2407.0	27.792	40.355277949999994	None	on
2026-09-12 14:50	203.6	39.9	2974.0	2646.0	27.792	45.355277949999994	None	off
2026-09-12 14:55	205.2	39.6	2836.0	2841.0	27.792	50.355277949999994	None	off
2026-09-12 15:00	206.7	39.3	2685.0	2887.0	27.792	55.355277949999994	None	off
2026-09-12 15:05	208.3	38.9	2627.0	2916.0	29.628	0.35607858333333336	None	off
2026-09-12 15:10	209.8	38.5	2660.0	2917.0	29.628	5.356078583333333	None	off
2026-09-12 15:15	211.3	38.1	2805.0	2906.0	29.628	10.356078583333334	None	off
2026-09-12 15:20	212.8	37.7	2887.0	2830.0	29.628	15.356078583333334	None	off
2026-09-12 15:25	214.3	37.3	2922.0	2803.0	29.628	20.356078583333332	None	off
2026-09-12 15:30	215.7	36.8	2724.0	2739.0	29.628	25.356078583333332	None	off
2026-09-12 15:35	217.2	36.4	2354.0	2631.0	27.792	0.3555028333333333	None	off
2026-09-12 15:40	218.6	35.9	2094.0	2562.0	27.792	5.355502833333333	None	off
2026-09-12 15:45	220.0	35.4	1982.0	2494.0	27.792	10.355502833333333	None	off
2026-09-12 15:50	221.4	34.9	2138.0	2453.0	27.792	15.355502833333333	None	off
2026-09-12 15:55	222.8	34.4	2044.0	2365.0	27.792	20.355502833333333	None	off
2026-09-12 16:00	224.1	33.9	1908.0	2191.0	27.792	25.355502833333333	None	off
2026-09-12 16:05	225.5	33.3	1534.0	2004.0	33.336	0.3562063833333333	51.84	off
2026-09-12 16:10	226.8	32.8	1058.0	1753.0	33.336	5.356206383333333	51.84	off
2026-09-12 16:15	228.1	32.2	861.0	1583.0	33.336	10.356206383333333	51.84	off
2026-09-12 16:20	229.4	31.6	763.0	1477.0	33.336	15.356206383333333	51.84	off
2026-09-12 16:25	230.7	31.0	678.0	1275.0	33.336	20.356206383333333	51.84	off
2026-09-12 16:30	232.0	30.4	665.0	1141.0	33.336	25.356206383333333	51.84	off
2026-09-12 16:35	233.2	29.8	933.0	1070.0	25.92	0.3565513166666667	unknown	off
2026-09-12 16:40	234.5	29.2	1139.0	952.0	25.92	5.356551316666667	unknown	off
2026-09-12 16:45	235.7	28.5	1107.0	879.0	25.92	10.356551316666666	unknown	off
2026-09-12 16:50	236.9	27.9	780.0	830.0	25.92	15.356551316666666	unknown	off
2026-09-12 16:55	238.1	27.2	599.0	802.0	25.92	20.356551316666664	unknown	off
2026-09-12 17:00	239.3	26.6	799.0	856.0	25.92	25.356551316666664	unknown	off
2026-09-12 17:05	240.5	25.9	813.0	846.0	25.92	30.356551316666664	unknown	off
2026-09-12 17:10	241.6	25.2	706.0	816.0	25.92	35.35655131666667	unknown	off
2026-09-12 17:15	242.8	24.6	382.0	761.0	25.92	40.35655131666667	unknown	off
2026-09-12 17:20	243.9	23.9	290.0	624.0	25.92	45.35655131666667	unknown	off
2026-09-12 17:25	245.0	23.2	288.0	533.0	25.92	50.35655131666667	unknown	off
2026-09-12 17:30	246.2	22.5	311.0	498.0	25.92	55.35655131666667	unknown	off
2026-09-12 17:35	247.3	21.8	345.0	480.0	22.212	0.35606951666666664	unknown	off
2026-09-12 17:40	248.4	21.0	380.0	454.0	22.212	5.3560695166666665	unknown	off
2026-09-12 17:45	249.5	20.3	402.0	364.0	22.212	10.356069516666668	unknown	off
2026-09-12 17:50	250.5	19.6	374.0	337.0	22.212	15.356069516666668	unknown	off
2026-09-12 17:55	251.6	18.9	391.0	353.0	22.212	20.356069516666665	unknown	off
2026-09-12 18:00	252.7	18.1	347.0	354.0	22.212	25.356069516666665	unknown	off
2026-09-12 18:05	253.7	17.4	365.0	361.0	22.212	30.356069516666665	unknown	off
2026-09-12 18:10	254.8	16.6	437.0	402.0	22.212	35.35606951666667	unknown	off
2026-09-12 18:15	255.8	15.9	430.0	392.0	22.212	40.35606951666667	unknown	off
2026-09-12 18:20	256.8	15.1	352.0	365.0	22.212	45.35606951666667	unknown	off
2026-09-12 18:25	257.9	14.4	197.0	343.0	22.212	50.35606951666667	unknown	off
2026-09-12 18:30	258.9	13.6	186.0	319.0	22.212	55.35606951666667	unknown	off
2026-09-12 18:35	259.9	12.9	189.0	304.0	27.792	0.35619484999999995	unknown	off
2026-09-12 18:40	260.9	12.1	166.0	268.0	27.792	5.35619485	unknown	off
2026-09-12 18:45	261.9	11.3	136.0	249.0	27.792	10.356194850000001	unknown	off
2026-09-12 18:50	262.9	10.6	101.0	214.0	27.792	15.356194850000001	unknown	off
2026-09-12 18:55	263.9	9.8	88.0	150.0	27.792	20.35619485	unknown	off
2026-09-12 19:00	264.9	9.0	104.0	142.0	27.792	25.35619485	unknown	off
2026-09-12 19:05	265.9	8.3	123.0	137.0	25.92	0.3562151	unknown	off
2026-09-12 19:10	266.9	7.5	126.0	126.0	25.92	5.3562151	unknown	off
2026-09-12 19:15	267.9	6.7	111.0	117.0	25.92	10.356215099999998	unknown	off
2026-09-12 19:20	268.9	5.9	103.0	109.0	25.92	15.356215099999998	unknown	off
2026-09-12 19:25	269.9	5.2	86.0	100.0	25.92	20.3562151	unknown	off
2026-09-12 19:30	270.8	4.4	58.0	92.0	25.92	25.3562151	unknown	off
2026-09-12 19:35	271.8	3.6	34.0	87.0	18.504	0.35649553333333334	unknown	off
2026-09-12 19:40	272.8	2.9	29.0	80.0	18.504	5.356495533333333	unknown	off
2026-09-12 19:45	273.8	2.1	21.0	63.0	18.504	10.356495533333334	unknown	off
2026-09-12 19:50	274.8	1.3	9.0	49.0	18.504	15.356495533333334	unknown	off
2026-09-12 19:55	275.7	0.5	1.0	38.0	18.504	20.356495533333334	unknown	off
2026-09-12 20:00	276.7	-0.2	0.0	26.0	18.504	25.356495533333334	unknown	off
2026-09-12 20:05	277.7	-1.0	0.0	14.0	22.212	0.35627628333333333	unknown	off
2026-09-12 20:10	278.7	-1.8	0.0	10.0	22.212	5.356276283333333	unknown	off
2026-09-12 20:15	279.7	-2.5	0.0	7.0	22.212	10.356276283333333	unknown	off
2026-09-12 20:20	280.7	-3.3	0.0	3.0	22.212	15.356276283333333	unknown	off
2026-09-12 20:25	281.7	-4.0	0.0	0.0	22.212	20.356276283333333	unknown	off
2026-09-12 20:30	282.7	-4.8	0.0	0.0	22.212	25.356276283333333	unknown	off
2026-09-12 20:35	283.7	-5.6	0.0	0.0	20.376	0.3559303	unknown	off
2026-09-12 20:40	284.7	-6.3	0.0	0.0	20.376	5.3559303	unknown	off
2026-09-12 20:45	285.7	-7.1	0.0	0.0	20.376	10.3559303	unknown	off
2026-09-12 20:50	286.7	-7.8	0.0	0.0	20.376	15.3559303	unknown	off
2026-09-12 20:55	287.7	-8.5	0.0	0.0	20.376	20.3559303	unknown	off
2026-09-12 21:00	288.7	-9.3	0.0	0.0	20.376	25.3559303	unknown	off
2026-09-12 21:05	289.7	-10.0	0.0	0.0	18.504	0.35626454999999996	unknown	off
2026-09-12 21:10	290.8	-10.7	0.0	0.0	18.504	5.356264550000001	unknown	off
2026-09-12 21:15	291.8	-11.4	0.0	0.0	18.504	10.356264549999999	unknown	off
2026-09-12 21:20	292.8	-12.2	0.0	0.0	18.504	15.356264549999999	unknown	off
2026-09-12 21:25	293.9	-12.9	0.0	0.0	18.504	20.35626455	unknown	off
2026-09-12 21:30	295.0	-13.6	0.0	0.0	18.504	25.35626455	unknown	off
2026-09-12 21:35	296.0	-14.3	0.0	0.0	20.376	0.3553315	unknown	off
2026-09-12 21:40	297.1	-15.0	0.0	0.0	20.376	5.3553315	unknown	off
2026-09-12 21:45	298.2	-15.6	0.0	0.0	20.376	10.3553315	unknown	off
2026-09-12 21:50	299.3	-16.3	0.0	0.0	20.376	15.3553315	unknown	off
2026-09-12 21:55	300.4	-17.0	0.0	0.0	20.376	20.3553315	unknown	off
2026-09-12 22:00	301.5	-17.7	0.0	0.0	20.376	25.3553315	unknown	off
2026-09-12 22:05	302.6	-18.3	0.0	0.0	16.668	0.3556112166666667	unknown	off
2026-09-12 22:10	303.7	-19.0	0.0	0.0	16.668	5.355611216666667	unknown	off
2026-09-12 22:15	304.8	-19.6	0.0	0.0	16.668	10.355611216666667	unknown	off
2026-09-12 22:20	306.0	-20.2	0.0	0.0	16.668	15.355611216666667	unknown	off
2026-09-12 22:25	307.1	-20.9	0.0	0.0	16.668	20.355611216666667	unknown	off
2026-09-12 22:30	308.3	-21.5	0.0	0.0	16.668	25.355611216666667	unknown	off
2026-09-12 22:35	309.5	-22.1	0.0	0.0	18.504	0.35539991666666665	unknown	off
2026-09-12 22:40	310.7	-22.7	0.0	0.0	18.504	5.355399916666667	unknown	off
2026-09-12 22:45	311.9	-23.2	0.0	0.0	18.504	10.355399916666666	unknown	off
2026-09-12 22:50	313.1	-23.8	0.0	0.0	18.504	15.355399916666666	unknown	off
2026-09-12 22:55	314.3	-24.4	0.0	0.0	18.504	20.355399916666666	unknown	off
2026-09-12 23:00	315.5	-24.9	0.0	0.0	18.504	25.355399916666666	unknown	off
2026-09-12 23:05	316.8	-25.5	0.0	0.0	20.376	0.3564856833333333	unknown	off
2026-09-12 23:10	318.0	-26.0	0.0	0.0	20.376	5.356485683333333	unknown	off
2026-09-12 23:15	319.3	-26.5	0.0	0.0	20.376	10.356485683333334	unknown	off
2026-09-12 23:20	320.6	-27.0	0.0	0.0	20.376	15.356485683333334	unknown	off
2026-09-12 23:25	321.9	-27.5	0.0	0.0	20.376	20.356485683333336	unknown	off
2026-09-12 23:30	323.2	-27.9	0.0	0.0	20.376	25.356485683333336	unknown	off
2026-09-12 23:35	324.5	-28.4	0.0	0.0	20.376	30.356485683333336	unknown	off
2026-09-12 23:40	325.8	-28.8	0.0	0.0	20.376	35.35648568333333	unknown	off
2026-09-12 23:45	327.2	-29.3	0.0	0.0	20.376	40.35648568333333	unknown	off
2026-09-12 23:50	328.5	-29.7	0.0	0.0	20.376	45.35648568333333	unknown	off
2026-09-12 23:55	329.9	-30.1	0.0	0.0	20.376	50.35648568333333	unknown	off
2026-09-13 00:00	331.3	-30.5	0.0	0.0	20.376	0.0	unknown	off
2026-09-13 00:05	332.6	-30.8	0.0	0.0	24.084	0.3562473166666667	unknown	off
2026-09-13 00:10	334.0	-31.2	0.0	0.0	24.084	5.356247316666667	unknown	off
2026-09-13 00:15	335.5	-31.5	0.0	0.0	24.084	10.356247316666666	unknown	off
2026-09-13 00:20	336.9	-31.8	0.0	0.0	24.084	15.356247316666666	unknown	off
2026-09-13 00:25	338.3	-32.1	0.0	0.0	24.084	20.356247316666668	unknown	off
2026-09-13 00:30	339.7	-32.4	0.0	0.0	24.084	25.356247316666668	unknown	off
2026-09-13 00:35	341.2	-32.7	0.0	0.0	16.668	0.35597776666666664	unknown	off
2026-09-13 00:40	342.6	-32.9	0.0	0.0	16.668	5.355977766666667	unknown	off
2026-09-13 00:45	344.1	-33.1	0.0	0.0	16.668	10.355977766666665	unknown	off
2026-09-13 00:50	345.6	-33.3	0.0	0.0	16.668	15.355977766666665	unknown	off
2026-09-13 00:55	347.1	-33.5	0.0	0.0	16.668	20.35597776666667	unknown	off
2026-09-13 01:00	348.5	-33.7	0.0	0.0	16.668	25.35597776666667	unknown	off
2026-09-13 01:05	350.0	-33.8	0.0	0.0	18.504	0.35584425	unknown	off
2026-09-13 01:10	351.5	-33.9	0.0	0.0	18.504	5.3558442500000005	unknown	off
2026-09-13 01:15	353.0	-34.0	0.0	0.0	18.504	10.355844249999999	unknown	off
2026-09-13 01:20	354.5	-34.1	0.0	0.0	18.504	15.355844249999999	unknown	off
2026-09-13 01:25	356.0	-34.2	0.0	0.0	18.504	20.35584425	unknown	off
2026-09-13 01:30	357.5	-34.2	0.0	0.0	18.504	25.35584425	unknown	off
2026-09-13 01:35	359.0	-34.3	0.0	0.0	18.504	30.35584425	unknown	off
2026-09-13 01:40	0.6	-34.3	0.0	0.0	18.504	35.355844250000004	unknown	off
2026-09-13 01:45	2.1	-34.2	0.0	0.0	18.504	40.355844250000004	unknown	off
2026-09-13 01:50	3.6	-34.2	0.0	0.0	18.504	45.355844250000004	unknown	off
2026-09-13 01:55	5.1	-34.2	0.0	0.0	18.504	50.355844250000004	unknown	off
2026-09-13 02:00	6.6	-34.1	0.0	0.0	18.504	55.355844250000004	unknown	off
2026-09-13 02:05	8.1	-34.0	0.0	0.0	18.504	60.355844250000004	unknown	off
2026-09-13 02:10	9.6	-33.9	0.0	0.0	18.504	65.35584425	unknown	off
2026-09-13 02:15	11.1	-33.7	0.0	0.0	18.504	70.35584425	unknown	off
2026-09-13 02:20	12.6	-33.6	0.0	0.0	18.504	75.35584425	unknown	off
2026-09-13 02:25	14.0	-33.4	0.0	0.0	18.504	80.35584425	unknown	off
2026-09-13 02:30	15.5	-33.2	0.0	0.0	18.504	85.35584425	unknown	off
2026-09-13 02:35	17.0	-33.0	0.0	0.0	16.668	0.35553209999999996	unknown	off
2026-09-13 02:40	18.4	-32.7	0.0	0.0	16.668	5.3555321000000005	unknown	off
2026-09-13 02:45	19.9	-32.5	0.0	0.0	16.668	10.3555321	unknown	off
2026-09-13 02:50	21.3	-32.2	0.0	0.0	16.668	15.3555321	unknown	off
2026-09-13 02:55	22.8	-31.9	0.0	0.0	16.668	20.3555321	unknown	off
2026-09-13 03:00	24.2	-31.6	0.0	0.0	16.668	25.3555321	unknown	off
2026-09-13 03:05	25.6	-31.3	0.0	0.0	18.504	0.3566642	unknown	off
2026-09-13 03:10	27.0	-31.0	0.0	0.0	18.504	5.3566642	unknown	off
2026-09-13 03:15	28.4	-30.6	0.0	0.0	18.504	10.3566642	unknown	off
2026-09-13 03:20	29.8	-30.2	0.0	0.0	18.504	15.3566642	unknown	off
2026-09-13 03:25	31.1	-29.8	0.0	0.0	18.504	20.3566642	unknown	off
2026-09-13 03:30	32.5	-29.4	0.0	0.0	18.504	25.3566642	unknown	off
2026-09-13 03:35	33.8	-29.0	0.0	0.0	12.96	0.35577685	unknown	off
2026-09-13 03:40	35.2	-28.6	0.0	0.0	12.96	5.35577685	unknown	off
2026-09-13 03:45	36.5	-28.1	0.0	0.0	12.96	10.355776850000002	unknown	off
2026-09-13 03:50	37.8	-27.7	0.0	0.0	12.96	15.355776850000002	unknown	off
2026-09-13 03:55	39.1	-27.2	0.0	0.0	12.96	20.355776849999998	unknown	off
2026-09-13 04:00	40.4	-26.7	0.0	0.0	12.96	25.355776849999998	unknown	off
2026-09-13 04:05	41.7	-26.2	0.0	0.0	12.96	30.355776849999998	unknown	off
2026-09-13 04:10	42.9	-25.7	0.0	0.0	12.96	35.35577685	unknown	off
2026-09-13 04:15	44.2	-25.1	0.0	0.0	12.96	40.35577685	unknown	off
2026-09-13 04:20	45.4	-24.6	0.0	0.0	12.96	45.35577685	unknown	off
2026-09-13 04:25	46.6	-24.0	0.0	0.0	12.96	50.35577685	unknown	off
2026-09-13 04:30	47.9	-23.5	0.0	0.0	12.96	55.35577685	unknown	off
2026-09-13 04:35	49.1	-22.9	0.0	0.0	16.668	0.35570318333333334	unknown	off
2026-09-13 04:40	50.3	-22.3	0.0	0.0	16.668	5.3557031833333335	unknown	off
2026-09-13 04:45	51.4	-21.7	0.0	0.0	16.668	10.355703183333333	unknown	off
2026-09-13 04:50	52.6	-21.1	0.0	0.0	16.668	15.355703183333333	unknown	off
2026-09-13 04:55	53.8	-20.5	0.0	0.0	16.668	20.355703183333333	unknown	off
2026-09-13 05:00	54.9	-19.9	0.0	0.0	16.668	25.355703183333333	unknown	off
2026-09-13 05:05	56.1	-19.2	0.0	0.0	14.832	0.35545223333333337	unknown	off
2026-09-13 05:10	57.2	-18.6	0.0	0.0	14.832	5.355452233333334	unknown	off
2026-09-13 05:15	58.3	-17.9	0.0	0.0	14.832	10.355452233333333	unknown	off
2026-09-13 05:20	59.4	-17.3	0.0	0.0	14.832	15.355452233333333	unknown	off
2026-09-13 05:25	60.5	-16.6	0.0	0.0	14.832	20.35545223333333	unknown	off
2026-09-13 05:30	61.6	-15.9	0.0	0.0	14.832	25.35545223333333	unknown	off
2026-09-13 05:35	62.7	-15.2	0.0	0.0	11.124	0.3555286166666667	unknown	off
2026-09-13 05:40	63.8	-14.6	0.0	0.0	11.124	5.355528616666667	unknown	off
2026-09-13 05:45	64.8	-13.9	0.0	0.0	11.124	10.355528616666668	unknown	off
2026-09-13 05:50	65.9	-13.2	0.0	0.0	11.124	15.355528616666668	unknown	off
2026-09-13 05:55	67.0	-12.5	0.0	0.0	11.124	20.355528616666668	unknown	off
2026-09-13 06:00	68.0	-11.7	0.0	0.0	11.124	25.355528616666668	unknown	off
2026-09-13 06:05	69.0	-11.0	0.0	0.0	12.96	0.3556667333333333	unknown	off
2026-09-13 06:10	70.1	-10.3	0.0	0.0	12.96	5.355666733333334	unknown	off
2026-09-13 06:15	71.1	-9.6	0.0	0.0	12.96	10.355666733333333	unknown	off
2026-09-13 06:20	72.1	-8.8	0.0	0.0	12.96	15.355666733333333	unknown	off
2026-09-13 06:25	73.2	-8.1	0.0	0.0	12.96	20.355666733333333	unknown	off
2026-09-13 06:30	74.2	-7.4	0.0	0.0	12.96	25.355666733333333	unknown	off
2026-09-13 06:35	75.2	-6.6	0.0	0.0	9.252	0.3565052	unknown	off
2026-09-13 06:40	76.2	-5.9	0.0	0.0	9.252	5.3565052	unknown	off
2026-09-13 06:45	77.2	-5.1	0.0	0.0	9.252	10.356505199999999	unknown	off
2026-09-13 06:50	78.2	-4.4	0.0	0.0	9.252	15.356505199999999	unknown	off
2026-09-13 06:55	79.2	-3.6	0.0	0.0	9.252	20.3565052	unknown	off
2026-09-13 07:00	80.2	-2.9	0.0	0.0	9.252	25.3565052	unknown	off
2026-09-13 07:05	81.2	-2.1	0.0	0.0	9.252	30.3565052	unknown	off
2026-09-13 07:10	82.1	-1.3	0.0	0.0	9.252	35.3565052	unknown	off
2026-09-13 07:15	83.1	-0.6	0.0	0.0	9.252	40.3565052	unknown	off
2026-09-13 07:20	84.1	0.2	0.0	0.0	9.252	45.3565052	unknown	off
2026-09-13 07:25	85.1	1.0	0.0	0.0	9.252	50.3565052	unknown	off
2026-09-13 07:30	86.1	1.7	0.0	0.0	9.252	55.3565052	unknown	off
2026-09-13 07:35	87.1	2.5	0.0	0.0	9.252	60.3565052	unknown	off
2026-09-13 07:40	88.0	3.3	0.0	0.0	9.252	65.3565052	unknown	off
2026-09-13 07:45	89.0	4.0	0.0	0.0	9.252	70.3565052	unknown	off
2026-09-13 07:50	90.0	4.8	0.0	0.0	9.252	75.3565052	unknown	off
2026-09-13 07:55	91.0	5.6	0.0	0.0	9.252	80.3565052	unknown	off
2026-09-13 08:00	92.0	6.4	0.0	0.0	9.252	85.3565052	unknown	off
2026-09-13 08:05	93.0	7.1	0.0	0.0	9.252	90.3565052	unknown	off
2026-09-13 08:10	94.0	7.9	0.0	0.0	9.252	95.3565052	unknown	off
2026-09-13 08:15	95.0	8.7	0.0	0.0	9.252	100.3565052	unknown	off
2026-09-13 08:20	95.9	9.4	0.0	0.0	9.252	105.3565052	unknown	off
2026-09-13 08:25	96.9	10.2	0.0	0.0	9.252	110.3565052	unknown	off
2026-09-13 08:30	97.9	11.0	0.0	0.0	9.252	115.3565052	unknown	off
2026-09-13 08:35	99.0	11.7	0.0	0.0	9.252	120.3565052	unknown	off
2026-09-13 08:40	100.0	12.5	29.0	9.0	9.252	125.3565052	unknown	off
2026-09-13 08:45	101.0	13.2	59.0	19.0	9.252	130.35650520000002	unknown	off
2026-09-13 08:50	102.0	14.0	93.0	30.0	9.252	135.35650520000002	unknown	off
2026-09-13 08:55	103.0	14.8	96.0	42.0	9.252	140.3565052	unknown	off
2026-09-13 09:00	104.1	15.5	105.0	55.0	9.252	145.3565052	unknown	off
2026-09-13 09:05	105.1	16.2	114.0	68.0	9.252	150.3565052	unknown	off
2026-09-13 09:10	106.2	17.0	121.0	82.0	9.252	155.3565052	unknown	off
2026-09-13 09:15	107.2	17.7	133.0	99.0	9.252	160.3565052	unknown	off
2026-09-13 09:20	108.3	18.5	148.0	118.0	9.252	165.3565052	unknown	off
2026-09-13 09:25	109.3	19.2	157.0	125.0	9.252	170.3565052	unknown	off
2026-09-13 09:30	110.4	19.9	163.0	134.0	9.252	175.3565052	unknown	off
2026-09-13 09:35	111.5	20.6	156.0	139.0	9.252	180.3565052	unknown	off
2026-09-13 09:40	112.6	21.4	166.0	148.0	9.252	185.3565052	unknown	off
2026-09-13 09:45	113.7	22.1	176.0	158.0	9.252	190.3565052	unknown	on
2026-09-13 09:50	114.8	22.8	188.0	164.0	9.252	195.3565052	unknown	on
2026-09-13 09:55	115.9	23.5	182.0	168.0	9.252	200.3565052	unknown	on
2026-09-13 10:00	117.1	24.2	174.0	171.0	9.252	205.3565052	unknown	off
2026-09-13 10:05	118.2	24.8	186.0	177.0	7.416	0.35667604999999997	unknown	off
2026-09-13 10:10	119.4	25.5	191.0	179.0	7.416	5.35667605	unknown	off
2026-09-13 10:15	120.6	26.2	208.0	187.0	7.416	10.35667605	unknown	off
2026-09-13 10:20	121.7	26.8	210.0	195.0	7.416	15.35667605	unknown	off
2026-09-13 10:25	122.9	27.5	222.0	198.0	7.416	20.356676049999997	unknown	off
2026-09-13 10:30	124.1	28.1	235.0	206.0	7.416	25.356676049999997	unknown	off
2026-09-13 10:35	125.4	28.8	260.0	218.0	5.544	0.35624686666666666	unknown	off
2026-09-13 10:40	126.6	29.4	266.0	226.0	5.544	5.356246866666667	unknown	off
2026-09-13 10:45	127.9	30.0	206.0	218.0	5.544	10.356246866666668	unknown	off
2026-09-13 10:50	129.1	30.6	145.0	206.0	5.544	15.356246866666668	unknown	off
2026-09-13 10:55	130.4	31.2	153.0	213.0	5.544	20.356246866666666	unknown	on
2026-09-13 11:00	131.7	31.8	254.0	231.0	5.544	25.356246866666666	unknown	on
2026-09-13 11:05	133.0	32.3	368.0	256.0	4.824	0.3567043833333334	11.268	on
2026-09-13 11:10	134.3	32.9	372.0	263.0	4.824	5.356704383333334	11.268	off
2026-09-13 11:15	135.7	33.4	281.0	247.0	3.708	0.35655736666666665	unknown	off
2026-09-13 11:20	137.0	34.0	165.0	227.0	3.708	5.356557366666666	unknown	off
2026-09-13 11:25	138.4	34.5	99.0	209.0	3.708	10.356557366666667	unknown	off
2026-09-13 11:30	139.8	35.0	70.0	203.0	3.708	15.356557366666667	unknown	off
2026-09-13 11:35	141.2	35.5	56.0	197.0	5.544	0.35649146666666665	unknown	off
2026-09-13 11:40	142.6	36.0	76.0	181.0	5.544	5.356491466666666	unknown	on
2026-09-13 11:45	144.0	36.4	124.0	156.0	5.544	10.356491466666666	unknown	on
2026-09-13 11:50	145.5	36.9	152.0	123.0	5.544	15.356491466666666	unknown	on
2026-09-13 11:55	147.0	37.3	171.0	115.0	8.064	0.3563816166666667	11.268	off
2026-09-13 12:00	148.5	37.7	215.0	135.0	8.064	5.356381616666667	11.268	off
2026-09-13 12:05	150.0	38.1	277.0	160.0	9.252	0.35642043333333334	unknown	off
2026-09-13 12:10	151.5	38.5	339.0	196.0	9.252	5.356420433333333	unknown	off
2026-09-13 12:15	153.0	38.8	368.0	236.0	9.252	10.356420433333334	unknown	off
2026-09-13 12:20	154.5	39.2	401.0	276.0	9.252	15.356420433333334	unknown	off
2026-09-13 12:25	156.1	39.5	413.0	308.0	9.252	20.356420433333334	unknown	off
2026-09-13 12:30	157.7	39.8	436.0	340.0	9.252	25.356420433333334	unknown	off
2026-09-13 12:35	159.3	40.1	507.0	395.0	7.416	0.35640133333333335	unknown	off
2026-09-13 12:40	160.9	40.3	590.0	446.0	7.416	5.356401333333333	unknown	off
2026-09-13 12:45	162.5	40.6	648.0	484.0	7.416	10.356401333333334	unknown	off
2026-09-13 12:50	164.1	40.8	632.0	514.0	7.416	15.356401333333334	unknown	off
2026-09-13 12:55	165.7	41.0	643.0	548.0	7.416	20.356401333333334	unknown	off
2026-09-13 13:00	167.4	41.2	669.0	585.0	7.416	25.356401333333334	unknown	off
2026-09-13 13:05	169.0	41.3	706.0	615.0	7.416	30.356401333333334	unknown	off
2026-09-13 13:10	170.7	41.5	629.0	622.0	7.416	35.35640133333333	unknown	off
2026-09-13 13:15	172.3	41.6	528.0	616.0	7.416	40.35640133333333	unknown	off
2026-09-13 13:20	174.0	41.7	518.0	618.0	7.416	45.35640133333333	unknown	off
2026-09-13 13:25	175.7	41.8	823.0	696.0	7.416	50.35640133333333	unknown	off
2026-09-13 13:30	177.3	41.8	1142.0	776.0	7.416	55.35640133333333	unknown	off
2026-09-13 13:35	179.0	41.8	1210.0	810.0	7.416	60.35640133333333	unknown	off
2026-09-13 13:40	180.7	41.8	1007.0	822.0	7.416	65.35640133333332	unknown	off
2026-09-13 13:45	182.3	41.8	1090.0	916.0	7.416	70.35640133333332	unknown	off
2026-09-13 13:50	184.0	41.8	1535.0	1083.0	7.416	75.35640133333332	unknown	off
2026-09-13 13:55	185.7	41.7	1955.0	1262.0	7.416	80.35640133333332	unknown	off
2026-09-13 14:00	187.4	41.6	1900.0	1383.0	7.416	85.35640133333332	unknown	off
2026-09-13 14:05	189.0	41.5	1418.0	1384.0	11.124	0.3553077833333333	unknown	off
2026-09-13 14:10	190.7	41.4	769.0	1252.0	11.124	5.355307783333333	unknown	off
2026-09-13 14:15	192.3	41.2	671.0	1230.0	11.124	10.355307783333334	unknown	off
2026-09-13 14:20	194.0	41.0	1626.0	1513.0	11.124	15.355307783333334	unknown	off
2026-09-13 14:25	195.6	40.8	2381.0	1691.0	11.124	20.355307783333334	unknown	off
2026-09-13 14:30	197.2	40.6	2953.0	1852.0	11.124	25.355307783333334	unknown	off
2026-09-13 14:35	198.8	40.4	2708.0	1916.0	8.064	0.3559855666666667	16.092	off
2026-09-13 14:40	200.4	40.1	2440.0	1843.0	8.064	5.355985566666666	16.092	off
2026-09-13 14:45	202.0	39.8	1798.0	1841.0	7.416	0.3562182166666667	unknown	off
2026-09-13 14:50	203.6	39.5	1435.0	1936.0	7.416	5.356218216666666	unknown	off
2026-09-13 14:55	205.1	39.2	1484.0	2088.0	7.416	10.356218216666667	unknown	off
2026-09-13 15:00	206.7	38.9	1913.0	2224.0	7.416	15.356218216666667	unknown	off
2026-09-13 15:05	208.2	38.5	1963.0	2023.0	11.124	0.3566144333333333	unknown	off
2026-09-13 15:10	209.7	38.1	1716.0	1866.0	11.124	5.356614433333333	unknown	off
2026-09-13 15:15	211.2	37.7	1015.0	1581.0	11.124	10.356614433333334	unknown	off
2026-09-13 15:20	212.7	37.3	762.0	1383.0	11.124	15.356614433333334	unknown	off
2026-09-13 15:25	214.2	36.9	676.0	1284.0	11.124	20.356614433333334	unknown	off
2026-09-13 15:30	215.6	36.5	621.0	1186.0	11.124	25.356614433333334	unknown	off
2026-09-13 15:35	217.1	36.0	589.0	1098.0	12.96	0.3565826166666667	unknown	off
2026-09-13 15:40	218.5	35.5	627.0	998.0	12.96	5.356582616666667	unknown	off
2026-09-13 15:45	219.9	35.0	852.0	824.0	12.96	10.356582616666666	unknown	off
2026-09-13 15:50	221.3	34.5	933.0	759.0	12.96	15.356582616666666	unknown	off
2026-09-13 15:55	222.7	34.0	1190.0	826.0	12.96	20.356582616666667	unknown	off
2026-09-13 16:00	224.0	33.5	1071.0	847.0	12.96	25.356582616666667	unknown	off
2026-09-13 16:05	225.4	32.9	947.0	823.0	11.124	0.35595496666666665	unknown	off
2026-09-13 16:10	226.7	32.4	598.0	813.0	11.124	5.355954966666667	unknown	off
2026-09-13 16:15	228.0	31.8	542.0	822.0	11.124	10.355954966666667	unknown	off
2026-09-13 16:20	229.3	31.2	589.0	820.0	11.124	15.355954966666667	unknown	off
2026-09-13 16:25	230.6	30.6	553.0	788.0	11.124	20.355954966666665	unknown	off
2026-09-13 16:30	231.9	30.0	471.0	693.0	11.124	25.355954966666665	unknown	off
2026-09-13 16:35	233.1	29.4	352.0	626.0	11.124	30.355954966666665	unknown	off
2026-09-13 16:40	234.3	28.8	340.0	496.0	11.124	35.355954966666665	unknown	off
2026-09-13 16:45	235.6	28.2	313.0	443.0	11.124	40.355954966666665	unknown	off
2026-09-13 16:50	236.8	27.5	341.0	427.0	11.124	45.355954966666665	unknown	off
2026-09-13 16:55	238.0	26.9	420.0	435.0	11.124	50.355954966666665	unknown	off
2026-09-13 17:00	239.2	26.2	540.0	441.0	11.124	55.355954966666665	unknown	off
2026-09-13 17:05	240.3	25.5	607.0	431.0	12.96	0.35536931666666666	unknown	off
2026-09-13 17:10	241.5	24.9	591.0	451.0	12.96	5.355369316666667	unknown	off
2026-09-13 17:15	242.6	24.2	487.0	448.0	12.96	10.355369316666668	unknown	off
2026-09-13 17:20	243.8	23.5	374.0	442.0	12.96	15.355369316666668	unknown	off
2026-09-13 17:25	244.9	22.8	268.0	429.0	12.96	20.355369316666668	unknown	off
2026-09-13 17:30	246.0	22.1	233.0	420.0	12.96	25.355369316666668	unknown	off
2026-09-13 17:35	247.1	21.4	230.0	403.0	11.124	0.3564060666666667	unknown	off
2026-09-13 17:40	248.2	20.7	201.0	353.0	11.124	5.356406066666667	unknown	off
2026-09-13 17:45	249.3	19.9	136.0	285.0	11.124	10.356406066666667	unknown	off
2026-09-13 17:50	250.4	19.2	72.0	225.0	11.124	15.356406066666667	unknown	off
2026-09-13 17:55	251.4	18.5	51.0	173.0	11.124	20.35640606666667	unknown	off
2026-09-13 18:00	252.5	17.8	59.0	143.0	11.124	25.35640606666667	unknown	off
2026-09-13 18:05	253.6	17.0	73.0	125.0	12.96	0.3565105	unknown	off
2026-09-13 18:10	254.6	16.3	80.0	110.0	12.96	5.3565105	unknown	off
2026-09-13 18:15	255.6	15.5	68.0	87.0	12.96	10.3565105	unknown	off
2026-09-13 18:20	256.7	14.8	55.0	67.0	12.96	15.3565105	unknown	off
2026-09-13 18:25	257.7	14.0	45.0	59.0	12.96	20.356510500000002	unknown	off
2026-09-13 18:30	258.7	13.3	39.0	56.0	12.96	25.356510500000002	unknown	off
2026-09-13 18:35	259.7	12.5	28.0	52.0	7.416	0.35617366666666667	unknown	off
2026-09-13 18:40	260.7	11.7	19.0	48.0	7.416	5.356173666666667	unknown	off
2026-09-13 18:45	261.8	11.0	22.0	43.0	7.416	10.356173666666667	unknown	off
2026-09-13 18:50	262.8	10.2	37.0	40.0	7.416	15.356173666666667	unknown	off
2026-09-13 18:55	263.8	9.4	48.0	37.0	7.416	20.356173666666667	unknown	off
2026-09-13 19:00	264.7	8.7	46.0	36.0	7.416	25.356173666666667	unknown	off
2026-09-13 19:05	265.7	7.9	41.0	35.0	9.252	0.35669276666666666	unknown	off
2026-09-13 19:10	266.7	7.1	41.0	36.0	9.252	5.356692766666667	unknown	off
2026-09-13 19:15	267.7	6.4	57.0	42.0	9.252	10.356692766666667	unknown	off
2026-09-13 19:20	268.7	5.6	73.0	50.0	9.252	15.356692766666667	unknown	off
2026-09-13 19:25	269.7	4.8	72.0	54.0	9.252	20.356692766666665	unknown	off
2026-09-13 19:30	270.7	4.0	61.0	55.0	9.252	25.356692766666665	unknown	off
2026-09-13 19:35	271.7	3.3	52.0	55.0	7.416	0.35636975	unknown	off
2026-09-13 19:40	272.6	2.5	44.0	52.0	7.416	5.35636975	unknown	off
2026-09-13 19:45	273.6	1.7	28.0	49.0	7.416	10.35636975	unknown	off
2026-09-13 19:50	274.6	1.0	15.0	47.0	7.416	15.35636975	unknown	off
2026-09-13 19:55	275.6	0.2	7.0	41.0	7.416	20.35636975	unknown	off
2026-09-13 20:00	276.6	-0.6	2.0	30.0	7.416	25.35636975	unknown	off
2026-09-13 20:05	277.5	-1.4	0.0	22.0	3.708	0.35660108333333335	unknown	off
2026-09-13 20:10	278.5	-2.1	0.0	17.0	3.708	5.3566010833333335	unknown	off
2026-09-13 20:15	279.5	-2.9	0.0	10.0	3.708	10.356601083333334	unknown	off
2026-09-13 20:20	280.5	-3.6	0.0	5.0	3.708	15.356601083333334	unknown	off
2026-09-13 20:25	281.5	-4.4	0.0	2.0	3.708	20.35660108333333	unknown	off
2026-09-13 20:30	282.5	-5.2	0.0	1.0	3.708	25.35660108333333	unknown	off
2026-09-13 20:35	283.5	-5.9	0.0	0.0	3.708	30.35660108333333	unknown	off
2026-09-13 20:40	284.5	-6.7	0.0	0.0	3.708	35.35660108333333	unknown	off
2026-09-13 20:45	285.5	-7.4	0.0	0.0	3.708	40.35660108333333	unknown	off
2026-09-13 20:50	286.5	-8.2	0.0	0.0	3.708	45.35660108333333	unknown	off
2026-09-13 20:55	287.5	-8.9	0.0	0.0	3.708	50.35660108333333	unknown	off
2026-09-13 21:00	288.6	-9.6	0.0	0.0	3.708	55.35660108333333	unknown	off
2026-09-13 21:05	289.6	-10.4	0.0	0.0	1.836	0.3560993333333334	unknown	off
2026-09-13 21:10	290.6	-11.1	0.0	0.0	1.836	5.356099333333333	unknown	off
2026-09-13 21:15	291.7	-11.8	0.0	0.0	1.836	10.356099333333333	unknown	off
2026-09-13 21:20	292.7	-12.5	0.0	0.0	1.836	15.356099333333333	unknown	off
2026-09-13 21:25	293.8	-13.2	0.0	0.0	1.836	20.356099333333336	unknown	off
2026-09-13 21:30	294.8	-13.9	0.0	0.0	1.836	25.356099333333336	unknown	off
2026-09-13 21:35	295.9	-14.6	0.0	0.0	1.836	30.356099333333336	unknown	off
2026-09-13 21:40	297.0	-15.3	0.0	0.0	1.836	35.35609933333333	unknown	off
2026-09-13 21:45	298.0	-16.0	0.0	0.0	1.836	40.35609933333333	unknown	off
2026-09-13 21:50	299.1	-16.7	0.0	0.0	1.836	45.35609933333333	unknown	off
2026-09-13 21:55	300.2	-17.4	0.0	0.0	1.836	50.35609933333333	unknown	off
2026-09-13 22:00	301.3	-18.0	0.0	0.0	1.836	55.35609933333333	unknown	off
2026-09-13 22:05	302.5	-18.7	0.0	0.0	1.836	60.35609933333333	unknown	off
2026-09-13 22:10	303.6	-19.3	0.0	0.0	1.836	65.35609933333333	unknown	off
2026-09-13 22:15	304.7	-20.0	0.0	0.0	1.836	70.35609933333333	unknown	off
2026-09-13 22:20	305.9	-20.6	0.0	0.0	1.836	75.35609933333333	unknown	off
2026-09-13 22:25	307.0	-21.2	0.0	0.0	1.836	80.35609933333333	unknown	off
2026-09-13 22:30	308.2	-21.8	0.0	0.0	1.836	85.35609933333333	unknown	off
2026-09-13 22:35	309.4	-22.4	0.0	0.0	1.836	90.35609933333333	unknown	off
2026-09-13 22:40	310.6	-23.0	0.0	0.0	1.836	95.35609933333333	unknown	off
2026-09-13 22:45	311.8	-23.6	0.0	0.0	1.836	100.35609933333333	unknown	off
2026-09-13 22:50	313.0	-24.2	0.0	0.0	1.836	105.35609933333333	unknown	off
2026-09-13 22:55	314.2	-24.8	0.0	0.0	1.836	110.35609933333333	unknown	off
2026-09-13 23:00	315.4	-25.3	0.0	0.0	1.836	115.35609933333333	unknown	off
2026-09-13 23:05	316.7	-25.8	0.0	0.0	3.708	0.35608344999999997	unknown	off
2026-09-13 23:10	317.9	-26.4	0.0	0.0	3.708	5.35608345	unknown	off
2026-09-13 23:15	319.2	-26.9	0.0	0.0	3.708	10.35608345	unknown	off
2026-09-13 23:20	320.5	-27.4	0.0	0.0	3.708	15.35608345	unknown	off
2026-09-13 23:25	321.8	-27.9	0.0	0.0	3.708	20.356083450000003	unknown	off
2026-09-13 23:30	323.1	-28.3	0.0	0.0	3.708	25.356083450000003	unknown	off
2026-09-13 23:35	324.4	-28.8	0.0	0.0	3.708	30.356083450000003	unknown	off
2026-09-13 23:40	325.8	-29.2	0.0	0.0	3.708	35.35608345	unknown	off
2026-09-13 23:45	327.1	-29.7	0.0	0.0	3.708	40.35608345	unknown	off
2026-09-13 23:50	328.5	-30.1	0.0	0.0	3.708	45.35608345	unknown	off
2026-09-13 23:55	329.8	-30.5	0.0	0.0	3.708	50.35608345	unknown	off
2026-09-14 00:00	331.2	-30.9	0.0	0.0	3.708	0.0	unknown	off
2026-09-14 00:05	332.6	-31.2	0.0	0.0	0.0	0.35669723333333336	unknown	off
2026-09-14 00:10	334.0	-31.6	0.0	0.0	0.0	5.356697233333334	unknown	off
2026-09-14 00:15	335.4	-31.9	0.0	0.0	0.0	10.356697233333334	unknown	off
2026-09-14 00:20	336.9	-32.2	0.0	0.0	0.0	15.356697233333334	unknown	off
2026-09-14 00:25	338.3	-32.5	0.0	0.0	0.0	20.356697233333332	unknown	off
2026-09-14 00:30	339.7	-32.8	0.0	0.0	0.0	25.356697233333332	unknown	off
2026-09-14 00:35	341.2	-33.0	0.0	0.0	1.836	0.3567027	unknown	off
2026-09-14 00:40	342.7	-33.3	0.0	0.0	1.836	5.3567027	unknown	off
2026-09-14 00:45	344.1	-33.5	0.0	0.0	1.836	10.3567027	unknown	off
2026-09-14 00:50	345.6	-33.7	0.0	0.0	1.836	15.3567027	unknown	off
2026-09-14 00:55	347.1	-33.9	0.0	0.0	1.836	20.356702700000003	unknown	off
2026-09-14 01:00	348.6	-34.1	0.0	0.0	1.836	25.356702700000003	unknown	off
2026-09-14 01:05	350.1	-34.2	0.0	0.0	0.0	0.3564859166666666	unknown	off
2026-09-14 01:10	351.6	-34.3	0.0	0.0	0.0	5.356485916666667	unknown	off
2026-09-14 01:15	353.1	-34.4	0.0	0.0	0.0	10.356485916666665	unknown	off
2026-09-14 01:20	354.6	-34.5	0.0	0.0	0.0	15.356485916666665	unknown	off
2026-09-14 01:25	356.1	-34.6	0.0	0.0	1.62	0.3554365166666667	1.62	off
2026-09-14 01:30	357.6	-34.6	0.0	0.0	1.62	5.355436516666667	1.62	off
2026-09-14 01:35	359.1	-34.6	0.0	0.0	1.836	0.3555733833333333	unknown	off
2026-09-14 01:40	0.7	-34.6	0.0	0.0	1.836	5.355573383333334	unknown	off
2026-09-14 01:45	2.2	-34.6	0.0	0.0	1.836	10.355573383333333	unknown	off
2026-09-14 01:50	3.7	-34.6	0.0	0.0	1.836	15.355573383333333	unknown	off
2026-09-14 01:55	5.2	-34.5	0.0	0.0	1.836	20.355573383333333	unknown	off
2026-09-14 02:00	6.7	-34.5	0.0	0.0	1.836	25.355573383333333	unknown	off
2026-09-14 02:05	8.2	-34.4	0.0	0.0	5.544	0.3564583666666667	unknown	off
2026-09-14 02:10	9.7	-34.2	0.0	0.0	5.544	5.356458366666667	unknown	off
2026-09-14 02:15	11.2	-34.1	0.0	0.0	5.544	10.356458366666667	unknown	off
2026-09-14 02:20	12.7	-33.9	0.0	0.0	5.544	15.356458366666667	unknown	off
2026-09-14 02:25	14.2	-33.8	0.0	0.0	5.544	20.35645836666667	unknown	off
2026-09-14 02:30	15.7	-33.6	0.0	0.0	5.544	25.35645836666667	unknown	off
2026-09-14 02:35	17.2	-33.3	0.0	0.0	3.708	0.35656838333333335	unknown	off
2026-09-14 02:40	18.6	-33.1	0.0	0.0	3.708	5.356568383333333	unknown	off
2026-09-14 02:45	20.1	-32.9	0.0	0.0	3.708	10.356568383333332	unknown	off
2026-09-14 02:50	21.5	-32.6	0.0	0.0	3.708	15.356568383333332	unknown	off
2026-09-14 02:55	23.0	-32.3	0.0	0.0	3.708	20.356568383333336	unknown	off
2026-09-14 03:00	24.4	-32.0	0.0	0.0	3.708	25.356568383333336	unknown	off
2026-09-14 03:05	25.8	-31.7	0.0	0.0	3.708	30.356568383333336	unknown	off
2026-09-14 03:10	27.2	-31.3	0.0	0.0	3.708	35.35656838333333	unknown	off
2026-09-14 03:15	28.6	-30.9	0.0	0.0	3.708	40.35656838333333	unknown	off
2026-09-14 03:20	30.0	-30.6	0.0	0.0	3.708	45.35656838333333	unknown	off
2026-09-14 03:25	31.4	-30.2	0.0	0.0	3.708	50.35656838333333	unknown	off
2026-09-14 03:30	32.7	-29.8	0.0	0.0	3.708	55.35656838333333	unknown	off
2026-09-14 03:35	34.1	-29.3	0.0	0.0	1.836	0.35549736666666665	unknown	off
2026-09-14 03:40	35.4	-28.9	0.0	0.0	1.836	5.3554973666666665	unknown	off
2026-09-14 03:45	36.8	-28.5	0.0	0.0	1.836	10.355497366666667	unknown	off
2026-09-14 03:50	38.1	-28.0	0.0	0.0	1.836	15.355497366666667	unknown	off
2026-09-14 03:55	39.4	-27.5	0.0	0.0	1.836	20.35549736666667	unknown	off
2026-09-14 04:00	40.7	-27.0	0.0	0.0	1.836	25.35549736666667	unknown	off
2026-09-14 04:05	41.9	-26.5	0.0	0.0	1.836	30.35549736666667	unknown	off
2026-09-14 04:10	43.2	-26.0	0.0	0.0	1.836	35.35549736666667	unknown	off
2026-09-14 04:15	44.5	-25.4	0.0	0.0	1.836	40.35549736666667	unknown	off
2026-09-14 04:20	45.7	-24.9	0.0	0.0	1.836	45.35549736666667	unknown	off
2026-09-14 04:25	46.9	-24.3	0.0	0.0	1.836	50.35549736666667	unknown	off
2026-09-14 04:30	48.1	-23.8	0.0	0.0	1.836	55.35549736666667	unknown	off
2026-09-14 04:35	49.3	-23.2	0.0	0.0	3.708	0.3557615833333333	unknown	off
2026-09-14 04:40	50.5	-22.6	0.0	0.0	3.708	5.355761583333333	unknown	off
2026-09-14 04:45	51.7	-22.0	0.0	0.0	3.708	10.355761583333333	unknown	off
2026-09-14 04:50	52.9	-21.4	0.0	0.0	3.708	15.355761583333333	unknown	off
2026-09-14 04:55	54.1	-20.8	0.0	0.0	3.708	20.355761583333333	unknown	off
2026-09-14 05:00	55.2	-20.1	0.0	0.0	3.708	25.355761583333333	unknown	off
2026-09-14 05:05	56.3	-19.5	0.0	0.0	3.708	30.355761583333333	unknown	off
2026-09-14 05:10	57.5	-18.9	0.0	0.0	3.708	35.35576158333333	unknown	off
2026-09-14 05:15	58.6	-18.2	0.0	0.0	3.708	40.35576158333333	unknown	off
2026-09-14 05:20	59.7	-17.5	0.0	0.0	3.708	45.35576158333333	unknown	off
2026-09-14 05:25	60.8	-16.9	0.0	0.0	3.708	50.35576158333333	unknown	off
2026-09-14 05:30	61.9	-16.2	0.0	0.0	3.708	55.35576158333333	unknown	off
2026-09-14 05:35	63.0	-15.5	0.0	0.0	3.708	60.35576158333333	unknown	off
2026-09-14 05:40	64.1	-14.8	0.0	0.0	3.708	65.35576158333333	unknown	off
2026-09-14 05:45	65.1	-14.1	0.0	0.0	3.708	70.35576158333333	unknown	off
2026-09-14 05:50	66.2	-13.4	0.0	0.0	3.708	75.35576158333333	unknown	off
2026-09-14 05:55	67.3	-12.7	0.0	0.0	3.708	80.35576158333333	unknown	off
2026-09-14 06:00	68.3	-12.0	0.0	0.0	3.708	85.35576158333333	unknown	off
2026-09-14 06:05	69.3	-11.3	0.0	0.0	3.708	90.35576158333333	unknown	off
2026-09-14 06:10	70.4	-10.6	0.0	0.0	3.708	95.35576158333333	unknown	off
2026-09-14 06:15	71.4	-9.8	0.0	0.0	3.708	100.35576158333333	unknown	off
2026-09-14 06:20	72.4	-9.1	0.0	0.0	3.708	105.35576158333333	unknown	off
2026-09-14 06:25	73.5	-8.4	0.0	0.0	3.708	110.35576158333333	unknown	off
2026-09-14 06:30	74.5	-7.6	0.0	0.0	3.708	115.35576158333333	unknown	off
2026-09-14 06:35	75.5	-6.9	0.0	0.0	1.836	0.3554119666666667	unknown	off
2026-09-14 06:40	76.5	-6.1	0.0	0.0	1.836	5.355411966666667	unknown	off
2026-09-14 06:45	77.5	-5.4	0.0	0.0	1.836	10.355411966666667	unknown	off
2026-09-14 06:50	78.5	-4.6	0.0	0.0	1.836	15.355411966666667	unknown	off
2026-09-14 06:55	79.5	-3.9	0.0	0.0	1.836	20.35541196666667	unknown	off
2026-09-14 07:00	80.5	-3.1	0.0	0.0	1.836	25.35541196666667	unknown	off
2026-09-14 07:05	81.5	-2.4	0.0	0.0	1.836	30.35541196666667	unknown	off
2026-09-14 07:10	82.4	-1.6	0.0	0.0	1.836	35.355411966666665	unknown	off
2026-09-14 07:15	83.4	-0.8	0.0	0.0	1.836	40.355411966666665	unknown	off
2026-09-14 07:20	84.4	-0.1	0.0	0.0	1.836	45.355411966666665	unknown	off
2026-09-14 07:25	85.4	0.7	0.0	0.0	1.836	50.355411966666665	unknown	off
2026-09-14 07:30	86.4	1.5	0.0	0.0	1.836	55.355411966666665	unknown	off
2026-09-14 07:35	87.4	2.3	0.0	0.0	5.544	0.3566353333333333	unknown	off
2026-09-14 07:40	88.3	3.0	0.0	0.0	5.544	5.356635333333333	unknown	off
2026-09-14 07:45	89.3	3.8	0.0	0.0	5.544	10.356635333333333	unknown	off
2026-09-14 07:50	90.3	4.6	0.0	0.0	5.544	15.356635333333333	unknown	off
2026-09-14 07:55	91.3	5.3	0.0	0.0	5.544	20.356635333333333	unknown	off
2026-09-14 08:00	92.3	6.1	0.0	0.0	5.544	25.356635333333333	unknown	off
2026-09-14 08:05	93.3	6.9	0.0	0.0	1.836	0.35667944999999995	unknown	off
2026-09-14 08:10	94.3	7.6	0.0	0.0	1.836	5.35667945	unknown	off
2026-09-14 08:15	95.3	8.4	0.0	0.0	1.836	10.35667945	unknown	off
2026-09-14 08:20	96.3	9.2	25.0	8.0	1.836	15.35667945	unknown	off
2026-09-14 08:25	97.3	9.9	54.0	18.0	1.836	20.35667945	unknown	off
2026-09-14 08:30	98.3	10.7	89.0	30.0	1.836	25.35667945	unknown	off
2026-09-14 08:35	99.3	11.5	107.0	44.0	3.708	0.3563165833333333	unknown	off
2026-09-14 08:40	100.3	12.2	125.0	60.0	3.708	5.356316583333333	unknown	off
2026-09-14 08:45	101.3	13.0	138.0	76.0	3.708	10.356316583333333	unknown	off
2026-09-14 08:50	102.3	13.7	167.0	100.0	3.708	15.356316583333333	unknown	off
2026-09-14 08:55	103.3	14.5	215.0	131.0	3.708	20.356316583333335	unknown	off
2026-09-14 09:00	104.4	15.2	266.0	164.0	3.708	25.356316583333335	unknown	off
2026-09-14 09:05	105.4	16.0	321.0	199.0	5.544	0.35535988333333335	unknown	off
2026-09-14 09:10	106.5	16.7	341.0	227.0	5.544	5.355359883333334	unknown	off
2026-09-14 09:15	107.5	17.5	345.0	250.0	5.544	10.355359883333334	unknown	on
2026-09-14 09:20	108.6	18.2	331.0	274.0	5.544	15.355359883333334	unknown	on
2026-09-14 09:25	109.6	18.9	339.0	299.0	5.544	20.355359883333332	unknown	on
2026-09-14 09:30	110.7	19.7	311.0	308.0	5.544	25.355359883333332	unknown	on
2026-09-14 09:35	111.8	20.4	278.0	311.0	5.544	30.355359883333332	unknown	on
2026-09-14 09:40	112.9	21.1	258.0	313.0	5.544	35.355359883333335	unknown	on
2026-09-14 09:45	114.0	21.8	279.0	311.0	5.544	40.355359883333335	unknown	on
2026-09-14 09:50	115.1	22.5	319.0	309.0	5.544	45.355359883333335	unknown	on
2026-09-14 09:55	116.3	23.2	337.0	310.0	5.544	50.355359883333335	unknown	on
2026-09-14 10:00	117.4	23.9	321.0	303.0	5.544	55.355359883333335	unknown	on
2026-09-14 10:05	118.5	24.6	294.0	297.0	9.252	0.35641091666666663	unknown	on
2026-09-14 10:10	119.7	25.2	303.0	299.0	9.252	5.3564109166666665	unknown	on
2026-09-14 10:15	120.9	25.9	363.0	320.0	9.252	10.356410916666666	unknown	on
2026-09-14 10:20	122.0	26.6	416.0	343.0	9.252	15.356410916666666	unknown	on
2026-09-14 10:25	123.2	27.2	468.0	369.0	9.252	20.35641091666667	unknown	on
2026-09-14 10:30	124.5	27.8	503.0	395.0	9.252	25.35641091666667	unknown	on
2026-09-14 10:35	125.7	28.5	579.0	429.0	11.124	0.3563585833333333	unknown	on
2026-09-14 10:40	126.9	29.1	594.0	456.0	11.124	5.356358583333333	unknown	on
2026-09-14 10:45	128.2	29.7	650.0	507.0	11.124	10.356358583333334	unknown	on
2026-09-14 10:50	129.4	30.3	629.0	541.0	11.124	15.356358583333334	unknown	on
2026-09-14 10:55	130.7	30.9	588.0	551.0	11.124	20.356358583333336	unknown	on
2026-09-14 11:00	132.0	31.5	478.0	547.0	11.124	25.356358583333336	unknown	on
2026-09-14 11:05	133.3	32.0	415.0	542.0	9.252	0.35556931666666663	unknown	on
2026-09-14 11:10	134.6	32.6	428.0	535.0	9.252	5.355569316666666	unknown	on
2026-09-14 11:15	136.0	33.1	531.0	554.0	9.252	10.355569316666667	unknown	on
2026-09-14 11:20	137.3	33.7	563.0	535.0	9.252	15.355569316666667	unknown	on
2026-09-14 11:25	138.7	34.2	609.0	540.0	9.252	20.355569316666667	unknown	on
2026-09-14 11:30	140.1	34.7	538.0	517.0	9.252	25.355569316666667	unknown	on
2026-09-14 11:35	141.5	35.2	565.0	512.0	12.96	0.3555540166666667	unknown	on
2026-09-14 11:40	142.9	35.6	499.0	513.0	12.96	5.355554016666667	unknown	on
2026-09-14 11:45	144.3	36.1	469.0	515.0	12.96	10.355554016666668	unknown	on
2026-09-14 11:50	145.8	36.5	424.0	516.0	12.96	15.355554016666668	unknown	on
2026-09-14 11:55	147.2	37.0	384.0	498.0	12.96	20.355554016666666	unknown	on
2026-09-14 12:00	148.7	37.4	348.0	453.0	12.96	25.355554016666666	unknown	on
2026-09-14 12:05	150.2	37.8	320.0	436.0	7.416	0.35610476666666663	unknown	on
2026-09-14 12:10	151.7	38.1	461.0	448.0	7.416	5.356104766666666	unknown	on
2026-09-14 12:15	153.3	38.5	817.0	540.0	7.416	10.356104766666666	unknown	on
2026-09-14 12:20	154.8	38.8	1520.0	748.0	7.416	15.356104766666666	unknown	on
2026-09-14 12:25	156.3	39.2	1485.0	774.0	7.416	20.356104766666665	unknown	on
2026-09-14 12:30	157.9	39.5	1119.0	779.0	7.416	25.356104766666665	unknown	on
2026-09-14 12:35	159.5	39.7	639.0	835.0	7.416	30.356104766666665	unknown	on
2026-09-14 12:40	161.1	40.0	1365.0	1094.0	7.416	35.35610476666667	unknown	on
2026-09-14 12:45	162.7	40.2	1537.0	1170.0	7.416	40.35610476666667	unknown	on
2026-09-14 12:50	164.3	40.4	1562.0	1257.0	7.416	45.35610476666667	unknown	on
2026-09-14 12:55	165.9	40.6	956.0	1255.0	7.416	50.35610476666667	unknown	on
2026-09-14 13:00	167.5	40.8	1116.0	1247.0	7.416	55.35610476666667	unknown	on
2026-09-14 13:05	169.2	41.0	1035.0	1086.0	11.124	0.3560574166666666	unknown	off
2026-09-14 13:10	170.8	41.1	1557.0	1287.0	11.124	5.356057416666667	unknown	off
2026-09-14 13:15	172.5	41.2	1704.0	1437.0	11.124	10.356057416666665	unknown	off
2026-09-14 13:20	174.1	41.3	1895.0	1485.0	11.124	15.356057416666665	unknown	on
2026-09-14 13:25	175.8	41.4	1703.0	1428.0	11.124	20.356057416666665	unknown	on
2026-09-14 13:30	177.5	41.4	2326.0	1693.0	11.124	25.356057416666665	unknown	on
2026-09-14 13:35	179.1	41.4	2952.0	1939.0	16.668	0.35607923333333336	unknown	off
2026-09-14 13:40	180.8	41.4	3348.0	2232.0	16.668	5.356079233333333	unknown	off
2026-09-14 13:45	182.5	41.4	3217.0	2408.0	16.668	10.356079233333332	unknown	off
2026-09-14 13:50	184.1	41.4	2809.0	2544.0	16.668	15.356079233333332	unknown	off
2026-09-14 13:55	185.8	41.3	2127.0	2415.0	16.668	20.356079233333332	unknown	off
2026-09-14 14:00	187.4	41.2	1320.0	2312.0	16.668	25.356079233333332	unknown	off
2026-09-14 14:05	189.1	41.1	1229.0	2328.0	14.832	0.3565659333333333	unknown	off
2026-09-14 14:10	190.7	41.0	1771.0	2406.0	14.832	5.356565933333333	unknown	off
2026-09-14 14:15	192.4	40.8	1977.0	2170.0	14.832	10.356565933333334	unknown	off
2026-09-14 14:20	194.0	40.6	1528.0	1833.0	14.832	15.356565933333334	unknown	off
2026-09-14 14:25	195.6	40.4	512.0	1481.0	14.832	20.356565933333332	unknown	off
2026-09-14 14:30	197.2	40.2	324.0	1193.0	14.832	25.356565933333332	unknown	off
2026-09-14 14:35	198.8	40.0	1230.0	1310.0	18.504	0.3559722666666667	unknown	on
2026-09-14 14:40	200.4	39.7	1706.0	1341.0	18.504	5.355972266666667	unknown	on
2026-09-14 14:45	202.0	39.4	2391.0	1542.0	18.504	10.355972266666667	unknown	on
2026-09-14 14:50	203.6	39.1	2077.0	1616.0	18.504	15.355972266666667	unknown	on
2026-09-14 14:55	205.1	38.8	1894.0	1353.0	18.504	20.355972266666665	unknown	on
2026-09-14 15:00	206.7	38.5	1689.0	1481.0	18.504	25.355972266666665	unknown	on
2026-09-14 15:05	208.2	38.1	1776.0	1731.0	18.504	30.355972266666665	unknown	on
2026-09-14 15:10	209.7	37.7	2482.0	2005.0	18.504	35.35597226666666	unknown	on
2026-09-14 15:15	211.2	37.3	2077.0	2086.0	18.504	40.35597226666666	unknown	on
2026-09-14 15:20	212.7	36.9	1515.0	1829.0	18.504	45.35597226666666	unknown	on
2026-09-14 15:25	214.1	36.5	1693.0	2001.0	18.504	50.35597226666666	unknown	on
2026-09-14 15:30	215.6	36.1	1851.0	1882.0	18.504	55.35597226666666	unknown	on
2026-09-14 15:35	217.0	35.6	2375.0	1905.0	18.504	60.35597226666666	unknown	on
2026-09-14 15:40	218.4	35.1	2175.0	2119.0	18.504	65.35597226666667	unknown	on
2026-09-14 15:45	219.8	34.7	2695.0	2182.0	18.504	70.35597226666667	unknown	on
2026-09-14 15:50	221.2	34.1	2409.0	2100.0	18.504	75.35597226666667	unknown	on
2026-09-14 15:55	222.6	33.6	2126.0	2013.0	18.504	80.35597226666667	unknown	on
2026-09-14 16:00	223.9	33.1	1567.0	2045.0	18.504	85.35597226666667	unknown	on
2026-09-14 16:05	225.3	32.6	1514.0	2103.0	18.504	90.35597226666667	unknown	on
2026-09-14 16:10	226.6	32.0	1390.0	1892.0	18.504	95.35597226666667	unknown	on
2026-09-14 16:15	227.9	31.4	1356.0	1887.0	18.504	100.35597226666667	unknown	on
2026-09-14 16:20	229.2	30.9	1413.0	1774.0	18.504	105.35597226666667	unknown	on
2026-09-14 16:25	230.5	30.3	1405.0	1633.0	18.504	110.35597226666667	unknown	on
2026-09-14 16:30	231.7	29.7	1221.0	1385.0	18.504	115.35597226666667	unknown	on
2026-09-14 16:35	233.0	29.0	891.0	1288.0	20.376	0.35593696666666663	unknown	on
2026-09-14 16:40	234.2	28.4	753.0	1179.0	20.376	5.3559369666666665	unknown	on
2026-09-14 16:45	235.4	27.8	641.0	1075.0	20.376	10.355936966666667	unknown	on
2026-09-14 16:50	236.6	27.2	575.0	975.0	20.376	15.355936966666667	unknown	on
2026-09-14 16:55	237.8	26.5	544.0	897.0	20.376	20.355936966666665	unknown	on
2026-09-14 17:00	239.0	25.8	525.0	792.0	20.376	25.355936966666665	unknown	on
2026-09-14 17:05	240.2	25.2	455.0	641.0	16.668	0.35594311666666667	unknown	on
2026-09-14 17:10	241.3	24.5	491.0	595.0	16.668	5.3559431166666664	unknown	on
2026-09-14 17:15	242.5	23.8	492.0	549.0	16.668	10.355943116666667	unknown	on
2026-09-14 17:20	243.6	23.1	527.0	520.0	16.668	15.355943116666667	unknown	on
2026-09-14 17:25	244.7	22.4	486.0	508.0	16.668	20.355943116666666	unknown	on
2026-09-14 17:30	245.9	21.7	561.0	523.0	16.668	25.355943116666666	unknown	on
2026-09-14 17:35	247.0	21.0	554.0	512.0	16.668	30.355943116666666	unknown	on
2026-09-14 17:40	248.1	20.3	504.0	497.0	16.668	35.35594311666667	unknown	on
2026-09-14 17:45	249.1	19.6	430.0	496.0	16.668	40.35594311666667	unknown	on
2026-09-14 17:50	250.2	18.9	442.0	506.0	16.668	45.35594311666667	unknown	on
2026-09-14 17:55	251.3	18.1	424.0	473.0	16.668	50.35594311666667	unknown	on
2026-09-14 18:00	252.3	17.4	367.0	455.0	16.668	55.35594311666667	unknown	on
2026-09-14 18:05	253.4	16.7	307.0	434.0	14.832	0.35669745	unknown	on
2026-09-14 18:10	254.4	15.9	295.0	407.0	14.832	5.3566974499999995	unknown	on
2026-09-14 18:15	255.5	15.2	324.0	374.0	14.832	10.35669745	unknown	off
2026-09-14 18:20	256.5	14.4	629.0	457.0	14.832	15.35669745	unknown	off
2026-09-14 18:25	257.5	13.7	926.0	543.0	14.832	20.356697450000002	unknown	off
2026-09-14 18:30	258.6	12.9	1046.0	580.0	14.832	25.356697450000002	unknown	off
2026-09-14 18:35	259.6	12.1	709.0	554.0	11.124	0.35559093333333336	unknown	off
2026-09-14 18:40	260.6	11.4	388.0	539.0	11.124	5.355590933333334	unknown	off
2026-09-14 18:45	261.6	10.6	205.0	526.0	11.124	10.355590933333334	unknown	off
2026-09-14 18:50	262.6	9.9	194.0	516.0	11.124	15.355590933333334	unknown	off
2026-09-14 18:55	263.6	9.1	194.0	505.0	11.124	20.355590933333335	unknown	off
2026-09-14 19:00	264.6	8.3	186.0	473.0	11.124	25.355590933333335	unknown	off
2026-09-14 19:05	265.6	7.5	145.0	347.0	11.124	30.355590933333335	unknown	off
2026-09-14 19:10	266.6	6.8	89.0	223.0	11.124	35.35559093333333	unknown	off
2026-09-14 19:15	267.5	6.0	65.0	151.0	9.252	0.35628888333333336	unknown	off
2026-09-14 19:20	268.5	5.2	40.0	127.0	9.252	5.356288883333334	unknown	off
2026-09-14 19:25	269.5	4.5	39.0	107.0	9.252	10.356288883333333	unknown	off
2026-09-14 19:30	270.5	3.7	45.0	98.0	9.252	15.356288883333333	unknown	off
2026-09-14 19:35	271.5	2.9	65.0	83.0	7.416	0.35640795000000003	unknown	off
2026-09-14 19:40	272.5	2.1	72.0	66.0	7.416	5.35640795	unknown	off
2026-09-14 19:45	273.4	1.4	55.0	55.0	7.416	10.35640795	unknown	off
2026-09-14 19:50	274.4	0.6	28.0	45.0	7.416	15.35640795	unknown	off
2026-09-14 19:55	275.4	-0.2	7.0	40.0	7.416	20.35640795	unknown	off
2026-09-14 20:00	276.4	-0.9	2.0	34.0	7.416	25.35640795	unknown	off
2026-09-14 20:05	277.4	-1.7	1.0	32.0	7.416	30.35640795	unknown	off
2026-09-14 20:10	278.4	-2.5	0.0	26.0	7.416	35.35640795	unknown	off
2026-09-14 20:15	279.4	-3.2	0.0	19.0	7.416	40.35640795	unknown	off
2026-09-14 20:20	280.3	-4.0	0.0	9.0	7.416	45.35640795	unknown	off
2026-09-14 20:25	281.3	-4.8	0.0	2.0	7.416	50.35640795	unknown	off
2026-09-14 20:30	282.3	-5.5	0.0	1.0	7.416	55.35640795	unknown	off
2026-09-14 20:35	283.3	-6.3	0.0	0.0	5.544	0.35570845	unknown	off
2026-09-14 20:40	284.3	-7.0	0.0	0.0	5.544	5.35570845	unknown	off
2026-09-14 20:45	285.3	-7.8	0.0	0.0	5.544	10.35570845	unknown	off
2026-09-14 20:50	286.4	-8.5	0.0	0.0	5.544	15.35570845	unknown	off
2026-09-14 20:55	287.4	-9.3	0.0	0.0	5.544	20.35570845	unknown	off
2026-09-14 21:00	288.4	-10.0	0.0	0.0	5.544	25.35570845	unknown	off
2026-09-14 21:05	289.4	-10.7	0.0	0.0	7.416	0.35610365	unknown	off
2026-09-14 21:10	290.5	-11.5	0.0	0.0	7.416	5.35610365	unknown	off
2026-09-14 21:15	291.5	-12.2	0.0	0.0	7.416	10.35610365	unknown	off
2026-09-14 21:20	292.5	-12.9	0.0	0.0	7.416	15.35610365	unknown	off
2026-09-14 21:25	293.6	-13.6	0.0	0.0	7.416	20.35610365	unknown	off
2026-09-14 21:30	294.7	-14.3	0.0	0.0	7.416	25.35610365	unknown	off
2026-09-14 21:35	295.7	-15.0	0.0	0.0	5.544	0.3563973666666667	unknown	off
2026-09-14 21:40	296.8	-15.7	0.0	0.0	5.544	5.356397366666667	unknown	off
2026-09-14 21:45	297.9	-16.4	0.0	0.0	5.544	10.356397366666666	unknown	off
2026-09-14 21:50	299.0	-17.1	0.0	0.0	5.544	15.356397366666666	unknown	off
2026-09-14 21:55	300.1	-17.7	0.0	0.0	5.544	20.356397366666666	unknown	off
2026-09-14 22:00	301.2	-18.4	0.0	0.0	5.544	25.356397366666666	unknown	off
2026-09-14 22:05	302.3	-19.1	0.0	0.0	7.416	0.35524453333333333	unknown	off
2026-09-14 22:10	303.5	-19.7	0.0	0.0	7.416	5.355244533333333	unknown	off
2026-09-14 22:15	304.6	-20.4	0.0	0.0	7.416	10.355244533333332	unknown	off
2026-09-14 22:20	305.7	-21.0	0.0	0.0	7.416	15.355244533333332	unknown	off
2026-09-14 22:25	306.9	-21.6	0.0	0.0	7.416	20.355244533333334	unknown	off
2026-09-14 22:30	308.1	-22.2	0.0	0.0	7.416	25.355244533333334	unknown	off
2026-09-14 22:35	309.3	-22.8	0.0	0.0	5.544	0.35533051666666665	unknown	off
2026-09-14 22:40	310.5	-23.4	0.0	0.0	5.544	5.355330516666667	unknown	off
2026-09-14 22:45	311.7	-24.0	0.0	0.0	5.544	10.355330516666667	unknown	off
2026-09-14 22:50	312.9	-24.6	0.0	0.0	5.544	15.355330516666667	unknown	off
2026-09-14 22:55	314.1	-25.1	0.0	0.0	5.544	20.355330516666665	unknown	off
2026-09-14 23:00	315.3	-25.7	0.0	0.0	5.544	25.355330516666665	unknown	off
2026-09-14 23:05	316.6	-26.2	0.0	0.0	7.416	0.35589678333333336	unknown	off
2026-09-14 23:10	317.9	-26.8	0.0	0.0	7.416	5.355896783333334	unknown	off
2026-09-14 23:15	319.1	-27.3	0.0	0.0	7.416	10.355896783333332	unknown	off
2026-09-14 23:20	320.4	-27.8	0.0	0.0	7.416	15.355896783333332	unknown	off
2026-09-14 23:25	321.7	-28.3	0.0	0.0	7.416	20.355896783333332	unknown	off
2026-09-14 23:30	323.0	-28.7	0.0	0.0	7.416	25.355896783333332	unknown	off
2026-09-14 23:35	324.4	-29.2	0.0	0.0	7.416	30.355896783333332	unknown	off
2026-09-14 23:40	325.7	-29.6	0.0	0.0	7.416	35.355896783333336	unknown	off
2026-09-14 23:45	327.1	-30.1	0.0	0.0	7.416	40.355896783333336	unknown	off
2026-09-14 23:50	328.4	-30.5	0.0	0.0	7.416	45.355896783333336	unknown	off
2026-09-14 23:55	329.8	-30.9	0.0	0.0	7.416	50.355896783333336	unknown	off
2026-09-15 00:00	331.2	-31.2	0.0	0.0	7.416	0.0	unknown	off
2026-09-15 00:05	332.6	-31.6	0.0	0.0	7.416	5.0	unknown	off
2026-09-15 00:10	334.0	-32.0	0.0	0.0	7.416	10.0	unknown	off
2026-09-15 00:15	335.4	-32.3	0.0	0.0	7.416	15.0	unknown	off
2026-09-15 00:20	336.9	-32.6	0.0	0.0	7.416	20.0	unknown	off
2026-09-15 00:25	338.3	-32.9	0.0	0.0	7.416	25.0	unknown	off
2026-09-15 00:30	339.7	-33.2	0.0	0.0	7.416	30.0	unknown	off
2026-09-15 00:35	341.2	-33.4	0.0	0.0	7.416	35.0	unknown	off
2026-09-15 00:40	342.7	-33.7	0.0	0.0	7.416	40.0	unknown	off
2026-09-15 00:45	344.2	-33.9	0.0	0.0	7.416	45.0	unknown	off
2026-09-15 00:50	345.6	-34.1	0.0	0.0	7.416	50.0	unknown	off
2026-09-15 00:55	347.1	-34.3	0.0	0.0	7.416	55.0	unknown	off
2026-09-15 01:00	348.6	-34.5	0.0	0.0	7.416	60.0	unknown	off
2026-09-15 01:05	350.1	-34.6	0.0	0.0	9.252	0.35611608333333333	unknown	off
2026-09-15 01:10	351.7	-34.7	0.0	0.0	9.252	5.356116083333333	unknown	off
2026-09-15 01:15	353.2	-34.8	0.0	0.0	9.252	10.356116083333335	unknown	off
2026-09-15 01:20	354.7	-34.9	0.0	0.0	9.252	15.356116083333335	unknown	off
2026-09-15 01:25	356.2	-35.0	0.0	0.0	9.252	20.356116083333333	unknown	off
2026-09-15 01:30	357.7	-35.0	0.0	0.0	9.252	25.356116083333333	unknown	off
2026-09-15 01:35	359.3	-35.0	0.0	0.0	7.416	0.3557007833333333	unknown	off
2026-09-15 01:40	0.8	-35.0	0.0	0.0	7.416	5.355700783333333	unknown	off
2026-09-15 01:45	2.3	-35.0	0.0	0.0	7.416	10.355700783333333	unknown	off
2026-09-15 01:50	3.8	-35.0	0.0	0.0	7.416	15.355700783333333	unknown	off
2026-09-15 01:55	5.3	-34.9	0.0	0.0	7.416	20.355700783333337	unknown	off
2026-09-15 02:00	6.9	-34.8	0.0	0.0	7.416	25.355700783333337	unknown	off
2026-09-15 02:05	8.4	-34.7	0.0	0.0	7.416	30.355700783333337	unknown	off
2026-09-15 02:10	9.9	-34.6	0.0	0.0	7.416	35.35570078333333	unknown	off
2026-09-15 02:15	11.4	-34.5	0.0	0.0	7.416	40.35570078333333	unknown	off
2026-09-15 02:20	12.9	-34.3	0.0	0.0	7.416	45.35570078333333	unknown	off
2026-09-15 02:25	14.4	-34.1	0.0	0.0	7.416	50.35570078333333	unknown	off
2026-09-15 02:30	15.9	-33.9	0.0	0.0	7.416	55.35570078333333	unknown	off
2026-09-15 02:35	17.4	-33.7	0.0	0.0	7.416	60.35570078333333	unknown	off
2026-09-15 02:40	18.8	-33.5	0.0	0.0	7.416	65.35570078333333	unknown	off
2026-09-15 02:45	20.3	-33.2	0.0	0.0	7.416	70.35570078333333	unknown	off
2026-09-15 02:50	21.7	-32.9	0.0	0.0	7.416	75.35570078333333	unknown	off
2026-09-15 02:55	23.2	-32.6	0.0	0.0	7.416	80.35570078333333	unknown	off
2026-09-15 03:00	24.6	-32.3	0.0	0.0	7.416	85.35570078333333	unknown	off
2026-09-15 03:05	26.0	-32.0	0.0	0.0	9.252	0.35639031666666665	unknown	off
2026-09-15 03:10	27.5	-31.7	0.0	0.0	9.252	5.356390316666666	unknown	off
2026-09-15 03:15	28.9	-31.3	0.0	0.0	9.252	10.356390316666667	unknown	off
2026-09-15 03:20	30.2	-30.9	0.0	0.0	9.252	15.356390316666667	unknown	off
2026-09-15 03:25	31.6	-30.5	0.0	0.0	9.252	20.356390316666666	unknown	off
2026-09-15 03:30	33.0	-30.1	0.0	0.0	9.252	25.356390316666666	unknown	off
2026-09-15 03:35	34.3	-29.7	0.0	0.0	9.252	30.356390316666666	unknown	off
2026-09-15 03:40	35.7	-29.2	0.0	0.0	9.252	35.35639031666666	unknown	off
2026-09-15 03:45	37.0	-28.8	0.0	0.0	9.252	40.35639031666666	unknown	off
2026-09-15 03:50	38.3	-28.3	0.0	0.0	9.252	45.35639031666666	unknown	off
2026-09-15 03:55	39.6	-27.8	0.0	0.0	9.252	50.35639031666666	unknown	off
2026-09-15 04:00	40.9	-27.3	0.0	0.0	9.252	55.35639031666666	unknown	off
2026-09-15 04:05	42.2	-26.8	0.0	0.0	9.252	60.35639031666666	unknown	off
2026-09-15 04:10	43.5	-26.3	0.0	0.0	9.252	65.35639031666666	unknown	off
2026-09-15 04:15	44.7	-25.8	0.0	0.0	9.252	70.35639031666666	unknown	off
2026-09-15 04:20	46.0	-25.2	0.0	0.0	9.252	75.35639031666666	unknown	off
2026-09-15 04:25	47.2	-24.6	0.0	0.0	9.252	80.35639031666666	unknown	off
2026-09-15 04:30	48.4	-24.1	0.0	0.0	9.252	85.35639031666666	unknown	off
2026-09-15 04:35	49.6	-23.5	0.0	0.0	11.124	0.35622583333333335	unknown	off
2026-09-15 04:40	50.8	-22.9	0.0	0.0	11.124	5.356225833333334	unknown	off
2026-09-15 04:45	52.0	-22.3	0.0	0.0	11.124	10.356225833333333	unknown	off
2026-09-15 04:50	53.2	-21.7	0.0	0.0	11.124	15.356225833333333	unknown	off
2026-09-15 04:55	54.3	-21.1	0.0	0.0	11.124	20.356225833333333	unknown	off
2026-09-15 05:00	55.5	-20.4	0.0	0.0	11.124	25.356225833333333	unknown	off
2026-09-15 05:05	56.6	-19.8	0.0	0.0	11.124	30.356225833333333	unknown	off
2026-09-15 05:10	57.8	-19.1	0.0	0.0	11.124	35.35622583333333	unknown	off
2026-09-15 05:15	58.9	-18.5	0.0	0.0	11.124	40.35622583333333	unknown	off
2026-09-15 05:20	60.0	-17.8	0.0	0.0	11.124	45.35622583333333	unknown	off
2026-09-15 05:25	61.1	-17.2	0.0	0.0	11.124	50.35622583333333	unknown	off
2026-09-15 05:30	62.2	-16.5	0.0	0.0	11.124	55.35622583333333	unknown	off
2026-09-15 05:35	63.3	-15.8	0.0	0.0	11.124	60.35622583333333	unknown	off
2026-09-15 05:40	64.4	-15.1	0.0	0.0	11.124	65.35622583333333	unknown	off
2026-09-15 05:45	65.4	-14.4	0.0	0.0	11.124	70.35622583333334	unknown	off
2026-09-15 05:50	66.5	-13.7	0.0	0.0	11.124	75.35622583333334	unknown	off
2026-09-15 05:55	67.6	-13.0	0.0	0.0	11.124	80.35622583333334	unknown	off
2026-09-15 06:00	68.6	-12.3	0.0	0.0	11.124	85.35622583333334	unknown	off
2026-09-15 06:05	69.6	-11.6	0.0	0.0	11.124	90.35622583333334	unknown	off
2026-09-15 06:10	70.7	-10.8	0.0	0.0	11.124	95.35622583333334	unknown	off
2026-09-15 06:15	71.7	-10.1	0.0	0.0	11.124	100.35622583333334	unknown	off
2026-09-15 06:20	72.7	-9.4	0.0	0.0	11.124	105.35622583333334	unknown	off
2026-09-15 06:25	73.8	-8.6	0.0	0.0	11.124	110.35622583333334	unknown	off
2026-09-15 06:30	74.8	-7.9	0.0	0.0	11.124	115.35622583333334	unknown	off
2026-09-15 06:35	75.8	-7.1	0.0	0.0	12.96	0.35605311666666667	unknown	off
2026-09-15 06:40	76.8	-6.4	0.0	0.0	12.96	5.356053116666667	unknown	off
2026-09-15 06:45	77.8	-5.6	0.0	0.0	12.96	10.356053116666667	unknown	off
2026-09-15 06:50	78.8	-4.9	0.0	0.0	12.96	15.356053116666667	unknown	off
2026-09-15 06:55	79.8	-4.1	0.0	0.0	12.96	20.356053116666665	unknown	off
2026-09-15 07:00	80.8	-3.4	0.0	0.0	12.96	25.356053116666665	unknown	off
2026-09-15 07:05	81.8	-2.6	0.0	0.0	9.252	0.3561465333333333	unknown	off
2026-09-15 07:10	82.8	-1.8	0.0	0.0	9.252	5.356146533333333	unknown	off
2026-09-15 07:15	83.7	-1.1	0.0	0.0	9.252	10.356146533333334	unknown	off
2026-09-15 07:20	84.7	-0.3	0.0	0.0	9.252	15.356146533333334	unknown	off
2026-09-15 07:25	85.7	0.5	0.0	0.0	9.252	20.356146533333334	unknown	off
2026-09-15 07:30	86.7	1.2	0.0	0.0	9.252	25.356146533333334	unknown	off
2026-09-15 07:35	87.7	2.0	0.0	0.0	9.252	30.356146533333334	unknown	off
2026-09-15 07:40	88.7	2.8	0.0	0.0	9.252	35.35614653333334	unknown	off
2026-09-15 07:45	89.6	3.5	0.0	0.0	9.252	40.35614653333334	unknown	off
2026-09-15 07:50	90.6	4.3	0.0	0.0	9.252	45.35614653333334	unknown	off
2026-09-15 07:55	91.6	5.1	0.0	0.0	9.252	50.35614653333334	unknown	off
2026-09-15 08:00	92.6	5.9	0.0	0.0	9.252	55.35614653333334	unknown	off
2026-09-15 08:05	93.6	6.6	0.0	0.0	11.124	0.35611006666666667	unknown	off
2026-09-15 08:10	94.6	7.4	10.0	3.0	11.124	5.356110066666667	unknown	off
2026-09-15 08:15	95.6	8.2	46.0	15.0	11.124	10.356110066666668	unknown	off
2026-09-15 08:20	96.6	8.9	90.0	29.0	11.124	15.356110066666668	unknown	off
2026-09-15 08:25	97.6	9.7	131.0	47.0	11.124	20.356110066666666	unknown	off
2026-09-15 08:30	98.6	10.5	162.0	69.0	11.124	25.356110066666666	unknown	off
2026-09-15 08:35	99.6	11.2	201.0	96.0	12.96	0.35566243333333336	unknown	off
2026-09-15 08:40	100.6	12.0	248.0	130.0	12.96	5.355662433333333	unknown	off
2026-09-15 08:45	101.6	12.7	303.0	170.0	12.96	10.355662433333332	unknown	off
2026-09-15 08:50	102.6	13.5	365.0	219.0	12.96	15.355662433333332	unknown	off
2026-09-15 08:55	103.7	14.2	431.0	269.0	12.96	20.355662433333336	unknown	off
2026-09-15 09:00	104.7	15.0	496.0	320.0	12.96	25.355662433333336	unknown	off
2026-09-15 09:05	105.7	15.7	564.0	376.0	14.832	0.3565384	unknown	off
2026-09-15 09:10	106.8	16.5	639.0	439.0	14.832	5.356538400000001	unknown	off
2026-09-15 09:15	107.8	17.2	718.0	505.0	14.832	10.3565384	unknown	off
2026-09-15 09:20	108.9	17.9	798.0	575.0	14.832	15.3565384	unknown	off
2026-09-15 09:25	110.0	18.7	876.0	648.0	14.832	20.356538399999998	unknown	off
2026-09-15 09:30	111.0	19.4	955.0	723.0	14.832	25.356538399999998	unknown	off
2026-09-15 09:35	112.1	20.1	1034.0	798.0	14.832	30.356538399999998	unknown	off
2026-09-15 09:40	113.2	20.8	1111.0	875.0	14.832	35.3565384	unknown	off
2026-09-15 09:45	114.3	21.5	1183.0	952.0	14.832	40.3565384	unknown	off
2026-09-15 09:50	115.4	22.2	1158.0	997.0	14.832	45.3565384	unknown	off
2026-09-15 09:55	116.6	22.9	1213.0	1067.0	14.832	50.3565384	unknown	off
2026-09-15 10:00	117.7	23.6	1311.0	1143.0	14.832	55.3565384	unknown	off
2026-09-15 10:05	118.8	24.3	1468.0	1220.0	14.832	60.3565384	unknown	off
2026-09-15 10:10	120.0	25.0	1557.0	1295.0	14.832	65.3565384	unknown	off
2026-09-15 10:15	121.2	25.6	1531.0	1336.0	14.832	70.3565384	unknown	on
2026-09-15 10:20	122.4	26.3	1247.0	1293.0	14.832	75.3565384	unknown	on
2026-09-15 10:25	123.6	26.9	1276.0	1353.0	14.832	80.3565384	unknown	on
2026-09-15 10:30	124.8	27.6	1452.0	1428.0	14.832	85.3565384	unknown	on
2026-09-15 10:35	126.0	28.2	1849.0	1520.0	14.832	90.3565384	unknown	on
2026-09-15 10:40	127.2	28.8	1925.0	1590.0	14.832	95.3565384	unknown	on
2026-09-15 10:45	128.5	29.4	1984.0	1652.0	14.832	100.3565384	unknown	on
2026-09-15 10:50	129.7	30.0	2040.0	1712.0	14.832	105.3565384	unknown	on
2026-09-15 10:55	131.0	30.6	2122.0	1774.0	14.832	110.3565384	unknown	on
2026-09-15 11:00	132.3	31.2	2171.0	1872.0	14.832	115.3565384	unknown	on
2026-09-15 11:05	133.6	31.7	2226.0	2039.0	14.832	120.3565384	unknown	on
2026-09-15 11:10	134.9	32.3	2249.0	2093.0	14.832	125.3565384	unknown	on
2026-09-15 11:15	136.3	32.8	2252.0	2137.0	14.832	130.3565384	unknown	on
2026-09-15 11:20	137.6	33.4	2249.0	2171.0	14.832	135.3565384	unknown	on
2026-09-15 11:25	139.0	33.9	2223.0	2196.0	14.832	140.3565384	unknown	on
2026-09-15 11:30	140.4	34.4	2202.0	2211.0	14.832	145.3565384	unknown	on
2026-09-15 11:35	141.8	34.9	2198.0	2223.0	18.504	0.3554117	unknown	on
2026-09-15 11:40	143.2	35.3	2227.0	2233.0	18.504	5.3554117	unknown	on
2026-09-15 11:45	144.6	35.8	2276.0	2247.0	18.504	10.3554117	unknown	on
2026-09-15 11:50	146.0	36.2	2351.0	2266.0	18.504	15.3554117	unknown	on
2026-09-15 11:55	147.5	36.6	2358.0	2271.0	18.504	20.355411699999998	unknown	on
2026-09-15 12:00	149.0	37.0	2342.0	2276.0	18.504	25.355411699999998	unknown	on
2026-09-15 12:05	150.5	37.4	2282.0	2279.0	18.504	30.355411699999998	unknown	on
2026-09-15 12:10	152.0	37.8	2245.0	2280.0	18.504	35.3554117	unknown	on
2026-09-15 12:15	153.5	38.2	2232.0	2284.0	18.504	40.3554117	unknown	on
2026-09-15 12:20	155.0	38.5	2340.0	2323.0	18.504	45.3554117	unknown	on
2026-09-15 12:25	156.6	38.8	2478.0	2358.0	18.504	50.3554117	unknown	on
2026-09-15 12:30	158.1	39.1	2569.0	2380.0	18.504	55.3554117	unknown	on
2026-09-15 12:35	159.7	39.4	2564.0	2394.0	22.212	0.35644555	unknown	on
2026-09-15 12:40	161.3	39.6	2561.0	2426.0	22.212	5.35644555	unknown	on
2026-09-15 12:45	162.9	39.9	2520.0	2439.0	22.212	10.35644555	unknown	on
2026-09-15 12:50	164.5	40.1	2533.0	2486.0	22.212	15.35644555	unknown	on
2026-09-15 12:55	166.1	40.3	2491.0	2515.0	22.212	20.35644555	unknown	on
2026-09-15 13:00	167.7	40.5	2654.0	2576.0	22.212	25.35644555	unknown	on
2026-09-15 13:05	169.4	40.6	2596.0	2569.0	22.212	30.35644555	unknown	on
2026-09-15 13:10	171.0	40.7	2790.0	2617.0	22.212	35.35644555	unknown	on
2026-09-15 13:15	172.6	40.8	2726.0	2631.0	22.212	40.35644555	unknown	on
2026-09-15 13:20	174.3	40.9	2599.0	2577.0	22.212	45.35644555	unknown	on
2026-09-15 13:25	175.9	41.0	2581.0	2628.0	22.212	50.35644555	unknown	on
2026-09-15 13:30	177.6	41.0	2707.0	2681.0	22.212	55.35644555	unknown	on
2026-09-15 13:35	179.2	41.1	2772.0	2663.0	20.376	0.3564898166666667	unknown	on
2026-09-15 13:40	180.9	41.1	2544.0	2648.0	20.376	5.356489816666667	unknown	off
2026-09-15 13:45	182.6	41.0	2445.0	2613.0	20.376	10.356489816666668	unknown	off
2026-09-15 13:50	184.2	41.0	2553.0	2644.0	20.376	15.356489816666668	unknown	off
2026-09-15 13:55	185.9	40.9	2557.0	2568.0	20.376	20.356489816666667	unknown	off
2026-09-15 14:00	187.5	40.8	2285.0	2487.0	20.376	25.356489816666667	unknown	off
2026-09-15 14:05	189.2	40.7	1983.0	2431.0	18.504	0.3563501	unknown	on
2026-09-15 14:10	190.8	40.6	1957.0	2358.0	18.504	5.3563501	unknown	on
2026-09-15 14:15	192.4	40.4	2429.0	2381.0	18.504	10.356350099999998	unknown	on
2026-09-15 14:20	194.0	40.2	2588.0	2373.0	18.504	15.356350099999998	unknown	on
2026-09-15 14:25	195.7	40.0	2600.0	2373.0	18.504	20.3563501	unknown	on
2026-09-15 14:30	197.3	39.8	2347.0	2354.0	18.504	25.3563501	unknown	on
2026-09-15 14:35	198.8	39.6	2362.0	2316.0	4.824	0.35611	9.648	on
2026-09-15 14:40	200.4	39.3	2212.0	2260.0	4.824	5.35611	9.648	on
2026-09-15 14:45	202.0	39.0	1813.0	2217.0	20.376	0.3565801	unknown	on
2026-09-15 14:50	203.6	38.7	1413.0	2124.0	20.376	5.3565801	unknown	on
2026-09-15 14:55	205.1	38.4	1177.0	1997.0	20.376	10.3565801	unknown	on
2026-09-15 15:00	206.6	38.1	1157.0	1778.0	20.376	15.3565801	unknown	on
2026-09-15 15:05	208.1	37.7	1126.0	1632.0	20.376	20.3565801	unknown	on
2026-09-15 15:10	209.6	37.3	1038.0	1481.0	20.376	25.3565801	unknown	on
2026-09-15 15:15	211.1	37.0	1011.0	1323.0	20.376	30.3565801	unknown	on
2026-09-15 15:20	212.6	36.5	1054.0	1195.0	20.376	35.356580099999995	unknown	on
2026-09-15 15:25	214.1	36.1	1105.0	1113.0	20.376	40.356580099999995	unknown	on
2026-09-15 15:30	215.5	35.7	1098.0	1087.0	20.376	45.356580099999995	unknown	on
2026-09-15 15:35	216.9	35.2	972.0	1051.0	18.504	0.35624421666666667	unknown	on
2026-09-15 15:40	218.3	34.8	837.0	996.0	18.504	5.356244216666667	unknown	on
2026-09-15 15:45	219.7	34.3	730.0	946.0	18.504	10.356244216666665	unknown	off
2026-09-15 15:50	221.1	33.8	639.0	890.0	18.504	15.356244216666665	unknown	off
2026-09-15 15:55	222.5	33.2	514.0	820.0	18.504	20.356244216666667	unknown	off
2026-09-15 16:00	223.8	32.7	429.0	751.0	18.504	25.356244216666667	unknown	off
2026-09-15 16:05	225.2	32.2	407.0	671.0	20.376	0.35613463333333334	unknown	off
2026-09-15 16:10	226.5	31.6	421.0	590.0	20.376	5.356134633333334	unknown	off
2026-09-15 16:15	227.8	31.1	485.0	547.0	20.376	10.356134633333333	unknown	off
2026-09-15 16:20	229.1	30.5	552.0	530.0	20.376	15.356134633333333	unknown	off
2026-09-15 16:25	230.3	29.9	594.0	508.0	20.376	20.356134633333333	unknown	off
2026-09-15 16:30	231.6	29.3	589.0	502.0	20.376	25.356134633333333	unknown	off
2026-09-15 16:35	232.8	28.7	625.0	527.0	18.504	0.3556700166666667	unknown	off
2026-09-15 16:40	234.1	28.0	846.0	618.0	18.504	5.355670016666666	unknown	on
2026-09-15 16:45	235.3	27.4	1227.0	765.0	18.504	10.355670016666666	unknown	on
2026-09-15 16:50	236.5	26.8	1346.0	841.0	18.504	15.355670016666666	unknown	on
2026-09-15 16:55	237.7	26.1	1262.0	906.0	18.504	20.355670016666668	unknown	on
2026-09-15 17:00	238.9	25.5	1227.0	1013.0	18.504	25.355670016666668	unknown	on
2026-09-15 17:05	240.0	24.8	1279.0	1082.0	18.504	30.355670016666668	unknown	on
2026-09-15 17:10	241.2	24.1	1127.0	1089.0	18.504	35.355670016666664	unknown	on
2026-09-15 17:15	242.3	23.4	764.0	1082.0	18.504	40.355670016666664	unknown	on
2026-09-15 17:20	243.5	22.8	565.0	1057.0	18.504	45.355670016666664	unknown	on
2026-09-15 17:25	244.6	22.1	518.0	970.0	18.504	50.355670016666664	unknown	on
2026-09-15 17:30	245.7	21.4	488.0	834.0	18.504	55.355670016666664	unknown	on
2026-09-15 17:35	246.8	20.7	428.0	753.0	16.668	0.35290535	unknown	on
2026-09-15 17:40	247.9	19.9	402.0	680.0	16.668	5.35290535	unknown	on
2026-09-15 17:45	249.0	19.2	394.0	547.0	16.668	10.352905349999999	unknown	off
2026-09-15 17:50	250.1	18.5	417.0	470.0	16.668	15.352905349999999	unknown	off
2026-09-15 17:55	251.1	17.8	439.0	452.0	16.668	20.35290535	unknown	off
2026-09-15 18:00	252.2	17.0	442.0	441.0	16.668	25.35290535	unknown	off
2026-09-15 18:05	253.2	16.3	423.0	423.0	18.504	0.35603881666666665	unknown	off
2026-09-15 18:10	254.3	15.6	390.0	410.0	18.504	5.356038816666667	unknown	off
2026-09-15 18:15	255.3	14.8	365.0	401.0	18.504	10.356038816666667	unknown	off
2026-09-15 18:20	256.3	14.1	335.0	393.0	18.504	15.356038816666667	unknown	off
2026-09-15 18:25	257.4	13.3	288.0	373.0	18.504	20.35603881666667	unknown	off
2026-09-15 18:30	258.4	12.5	243.0	350.0	18.504	25.35603881666667	unknown	off
2026-09-15 18:35	259.4	11.8	222.0	327.0	14.832	0.3559441666666666	unknown	off
2026-09-15 18:40	260.4	11.0	257.0	311.0	14.832	5.355944166666666	unknown	off
2026-09-15 18:45	261.4	10.3	267.0	291.0	14.832	10.355944166666665	unknown	off
2026-09-15 18:50	262.4	9.5	271.0	276.0	14.832	15.355944166666665	unknown	off
2026-09-15 18:55	263.4	8.7	247.0	263.0	14.832	20.355944166666667	unknown	off
2026-09-15 19:00	264.4	8.0	255.0	254.0	14.832	25.355944166666667	unknown	off
2026-09-15 19:05	265.4	7.2	251.0	249.0	14.832	30.355944166666667	unknown	off
2026-09-15 19:10	266.4	6.4	227.0	244.0	14.832	35.35594416666667	unknown	off
2026-09-15 19:15	267.4	5.6	189.0	237.0	14.832	40.35594416666667	unknown	off
2026-09-15 19:20	268.4	4.9	156.0	226.0	14.832	45.35594416666667	unknown	off
2026-09-15 19:25	269.3	4.1	129.0	201.0	14.832	50.35594416666667	unknown	off
2026-09-15 19:30	270.3	3.3	104.0	183.0	14.832	55.35594416666667	unknown	off
2026-09-15 19:35	271.3	2.6	74.0	160.0	11.124	0.3565132666666667	unknown	off
2026-09-15 19:40	272.3	1.8	51.0	135.0	11.124	5.356513266666667	unknown	off
2026-09-15 19:45	273.3	1.0	31.0	108.0	11.124	10.356513266666667	unknown	off
2026-09-15 19:50	274.3	0.2	17.0	82.0	11.124	15.356513266666667	unknown	off
2026-09-15 19:55	275.2	-0.5	7.0	62.0	11.124	20.356513266666663	unknown	off
2026-09-15 20:00	276.2	-1.3	2.0	45.0	11.124	25.356513266666663	unknown	off
2026-09-15 20:05	277.2	-2.1	0.0	30.0	11.124	30.356513266666663	unknown	off
2026-09-15 20:10	278.2	-2.8	0.0	19.0	11.124	35.35651326666667	unknown	off
2026-09-15 20:15	279.2	-3.6	0.0	11.0	11.124	40.35651326666667	unknown	off
2026-09-15 20:20	280.2	-4.4	0.0	5.0	11.124	45.35651326666667	unknown	off
2026-09-15 20:25	281.2	-5.1	0.0	2.0	11.124	50.35651326666667	unknown	off
2026-09-15 20:30	282.2	-5.9	0.0	1.0	11.124	55.35651326666667	unknown	on
2026-09-15 20:35	283.2	-6.6	0.0	0.0	8.064	0.3564975166666667	14.472	on
2026-09-15 20:40	284.2	-7.4	0.0	0.0	8.064	5.356497516666667	14.472	on
2026-09-15 20:45	285.2	-8.1	0.0	0.0	8.064	10.356497516666668	17.712	on
2026-09-15 20:50	286.2	-8.9	0.0	0.0	8.064	15.356497516666668	17.712	on
2026-09-15 20:55	287.2	-9.6	0.0	0.0	8.064	20.356497516666664	17.712	on
2026-09-15 21:00	288.2	-10.4	0.0	0.0	8.064	25.356497516666664	17.712	on
2026-09-15 21:05	289.3	-11.1	0.0	0.0	9.252	0.35635408333333335	unknown	on
2026-09-15 21:10	290.3	-11.8	0.0	0.0	9.252	5.356354083333333	unknown	on
2026-09-15 21:15	291.4	-12.5	0.0	0.0	9.252	10.356354083333335	unknown	on
2026-09-15 21:20	292.4	-13.3	0.0	0.0	9.252	15.356354083333335	unknown	on
2026-09-15 21:25	293.5	-14.0	0.0	0.0	9.252	20.356354083333333	unknown	on
2026-09-15 21:30	294.5	-14.7	0.0	0.0	9.252	25.356354083333333	unknown	on
2026-09-15 21:35	295.6	-15.4	0.0	0.0	14.832	0.35647771666666667	unknown	on
2026-09-15 21:40	296.7	-16.1	0.0	0.0	14.832	5.356477716666666	unknown	on
2026-09-15 21:45	297.8	-16.8	0.0	0.0	14.832	10.356477716666666	unknown	on
2026-09-15 21:50	298.8	-17.4	0.0	0.0	14.832	15.356477716666666	unknown	on
2026-09-15 21:55	300.0	-18.1	0.0	0.0	14.832	20.356477716666667	unknown	on
2026-09-15 22:00	301.1	-18.8	0.0	0.0	14.832	25.356477716666667	unknown	on
2026-09-15 22:05	302.2	-19.4	0.0	0.0	9.252	0.35623993333333337	unknown	on
2026-09-15 22:10	303.3	-20.1	0.0	0.0	9.252	5.356239933333333	unknown	on
2026-09-15 22:15	304.5	-20.7	0.0	0.0	9.252	10.356239933333335	unknown	on
2026-09-15 22:20	305.6	-21.4	0.0	0.0	9.252	15.356239933333335	unknown	on
2026-09-15 22:25	306.8	-22.0	0.0	0.0	9.252	20.35623993333333	unknown	off
2026-09-15 22:30	308.0	-22.6	0.0	0.0	9.252	25.35623993333333	unknown	off
2026-09-15 22:35	309.1	-23.2	0.0	0.0	5.544	0.35633	unknown	off
2026-09-15 22:40	310.3	-23.8	0.0	0.0	5.544	5.35633	unknown	off
2026-09-15 22:45	311.5	-24.4	0.0	0.0	5.544	10.356330000000002	unknown	off
2026-09-15 22:50	312.8	-25.0	0.0	0.0	5.544	15.356330000000002	unknown	off
2026-09-15 22:55	314.0	-25.5	0.0	0.0	5.544	20.35633	unknown	off
2026-09-15 23:00	315.2	-26.1	0.0	0.0	5.544	25.35633	unknown	off
2026-09-15 23:05	316.5	-26.6	0.0	0.0	5.544	30.35633	unknown	off
2026-09-15 23:10	317.8	-27.1	0.0	0.0	5.544	35.35633	unknown	off
2026-09-15 23:15	319.1	-27.7	0.0	0.0	5.544	40.35633	unknown	off
2026-09-15 23:20	320.3	-28.2	0.0	0.0	5.544	45.35633	unknown	off
2026-09-15 23:25	321.7	-28.6	0.0	0.0	5.544	50.35633	unknown	off
2026-09-15 23:30	323.0	-29.1	0.0	0.0	5.544	55.35633	unknown	off
2026-09-15 23:35	324.3	-29.6	0.0	0.0	5.544	60.35633	unknown	off
2026-09-15 23:40	325.7	-30.0	0.0	0.0	5.544	65.35633	unknown	off
2026-09-15 23:45	327.0	-30.4	0.0	0.0	5.544	70.35633	unknown	off
2026-09-15 23:50	328.4	-30.9	0.0	0.0	5.544	75.35633	unknown	off
2026-09-15 23:55	329.8	-31.3	0.0	0.0	5.544	80.35633	unknown	off
2026-09-16 00:00	331.2	-31.6	0.0	0.0	5.544	0.0	unknown	off
2026-09-16 00:05	332.6	-32.0	0.0	0.0	3.708	0.35649268333333334	unknown	off
2026-09-16 00:10	334.0	-32.4	0.0	0.0	3.708	5.356492683333333	unknown	off
2026-09-16 00:15	335.4	-32.7	0.0	0.0	3.708	10.356492683333332	unknown	off
2026-09-16 00:20	336.8	-33.0	0.0	0.0	3.708	15.356492683333332	unknown	off
2026-09-16 00:25	338.3	-33.3	0.0	0.0	3.708	20.356492683333332	unknown	off
2026-09-16 00:30	339.8	-33.6	0.0	0.0	3.708	25.356492683333332	unknown	off
2026-09-16 00:35	341.2	-33.8	0.0	0.0	6.12	0.3563643833333333	11.412	off
2026-09-16 00:40	342.7	-34.1	0.0	0.0	6.12	5.356364383333333	11.412	off
2026-09-16 00:45	344.2	-34.3	0.0	0.0	6.12	10.356364383333332	11.412	off
2026-09-16 00:50	345.7	-34.5	0.0	0.0	6.12	15.356364383333332	11.412	off
2026-09-16 00:55	347.2	-34.7	0.0	0.0	3.708	0.35659316666666663	unknown	off
2026-09-16 01:00	348.7	-34.8	0.0	0.0	3.708	5.356593166666667	unknown	off
2026-09-16 01:05	350.2	-35.0	0.0	0.0	1.836	0.3562590666666667	unknown	off
2026-09-16 01:10	351.7	-35.1	0.0	0.0	1.836	5.3562590666666665	unknown	off
2026-09-16 01:15	353.2	-35.2	0.0	0.0	1.836	10.356259066666667	unknown	off
2026-09-16 01:20	354.8	-35.3	0.0	0.0	1.836	15.356259066666667	unknown	off
2026-09-16 01:25	356.3	-35.4	0.0	0.0	1.836	20.356259066666667	unknown	off
2026-09-16 01:30	357.8	-35.4	0.0	0.0	1.836	25.356259066666667	unknown	off
2026-09-16 01:35	359.4	-35.4	0.0	0.0	8.208	0.3562951	15.336	off
2026-09-16 01:40	0.9	-35.4	0.0	0.0	8.208	5.3562951	15.336	off
2026-09-16 01:45	2.4	-35.4	0.0	0.0	8.208	10.3562951	15.336	off
2026-09-16 01:50	4.0	-35.4	0.0	0.0	8.208	15.3562951	15.336	off
2026-09-16 01:55	5.5	-35.3	0.0	0.0	3.708	0.3561405	unknown	off
2026-09-16 02:00	7.0	-35.2	0.0	0.0	3.708	5.3561404999999995	unknown	off
2026-09-16 02:05	8.5	-35.1	0.0	0.0	3.708	10.3561405	unknown	off
2026-09-16 02:10	10.0	-35.0	0.0	0.0	3.708	15.3561405	unknown	off
2026-09-16 02:15	11.6	-34.8	0.0	0.0	3.708	20.3561405	unknown	off
2026-09-16 02:20	13.1	-34.7	0.0	0.0	3.708	25.3561405	unknown	off
2026-09-16 02:25	14.6	-34.5	0.0	0.0	3.708	30.3561405	unknown	off
2026-09-16 02:30	16.1	-34.3	0.0	0.0	3.708	35.3561405	unknown	off
2026-09-16 02:35	17.5	-34.1	0.0	0.0	8.64	0.3562369833333333	15.768	off
2026-09-16 02:40	19.0	-33.8	0.0	0.0	8.64	5.356236983333333	15.768	off
2026-09-16 02:45	20.5	-33.6	0.0	0.0	8.64	10.356236983333334	15.768	off
2026-09-16 02:50	22.0	-33.3	0.0	0.0	8.64	15.356236983333334	15.768	off
2026-09-16 02:55	23.4	-33.0	0.0	0.0	8.64	20.356236983333336	15.768	off
2026-09-16 03:00	24.8	-32.7	0.0	0.0	8.64	25.356236983333336	15.768	off
2026-09-16 03:05	26.3	-32.3	0.0	0.0	1.836	0.3554033166666667	unknown	off
2026-09-16 03:10	27.7	-32.0	0.0	0.0	1.836	5.355403316666667	unknown	off
2026-09-16 03:15	29.1	-31.6	0.0	0.0	1.836	10.355403316666667	unknown	off
2026-09-16 03:20	30.5	-31.2	0.0	0.0	1.836	15.355403316666667	unknown	off
2026-09-16 03:25	31.9	-30.8	0.0	0.0	1.836	20.355403316666663	unknown	off
2026-09-16 03:30	33.2	-30.4	0.0	0.0	1.836	25.355403316666663	unknown	off
2026-09-16 03:35	34.6	-30.0	0.0	0.0	3.708	0.35566108333333335	unknown	off
2026-09-16 03:40	35.9	-29.6	0.0	0.0	3.708	5.355661083333334	unknown	off
2026-09-16 03:45	37.3	-29.1	0.0	0.0	7.056	0.3560693166666667	13.284	off
2026-09-16 03:50	38.6	-28.6	0.0	0.0	7.056	5.356069316666666	13.284	off
2026-09-16 03:55	39.9	-28.1	0.0	0.0	7.056	10.356069316666666	13.284	off
2026-09-16 04:00	41.2	-27.6	0.0	0.0	7.056	15.356069316666666	13.284	off
2026-09-16 04:05	42.5	-27.1	0.0	0.0	1.62	0.35600211666666665	1.62	off
2026-09-16 04:10	43.7	-26.6	0.0	0.0	1.62	5.356002116666667	1.62	off
2026-09-16 04:15	45.0	-26.1	0.0	0.0	1.62	10.356002116666668	3.204	off
2026-09-16 04:20	46.2	-25.5	0.0	0.0	1.62	15.356002116666668	3.204	off
2026-09-16 04:25	47.5	-24.9	0.0	0.0	3.204	0.35625586666666664	3.204	off
2026-09-16 04:30	48.7	-24.4	0.0	0.0	3.204	5.356255866666667	3.204	off
2026-09-16 04:35	49.9	-23.8	0.0	0.0	5.544	0.35591340000000005	unknown	off
2026-09-16 04:40	51.1	-23.2	0.0	0.0	5.544	5.3559134	unknown	off
2026-09-16 04:45	52.3	-22.6	0.0	0.0	5.544	10.355913399999999	unknown	off
2026-09-16 04:50	53.5	-22.0	0.0	0.0	5.544	15.355913399999999	unknown	off
2026-09-16 04:55	54.6	-21.4	0.0	0.0	5.544	20.355913400000002	unknown	off
2026-09-16 05:00	55.8	-20.7	0.0	0.0	5.544	25.355913400000002	unknown	off
2026-09-16 05:05	56.9	-20.1	0.0	0.0	3.708	0.3565106333333333	unknown	off
2026-09-16 05:10	58.1	-19.4	0.0	0.0	3.708	5.356510633333333	unknown	off
2026-09-16 05:15	59.2	-18.8	0.0	0.0	3.708	10.356510633333333	unknown	off
2026-09-16 05:20	60.3	-18.1	0.0	0.0	3.708	15.356510633333333	unknown	off
2026-09-16 05:25	61.4	-17.4	0.0	0.0	3.708	20.356510633333336	unknown	off
2026-09-16 05:30	62.5	-16.8	0.0	0.0	3.708	25.356510633333336	unknown	off
2026-09-16 05:35	63.6	-16.1	0.0	0.0	8.064	0.35667768333333333	15.048	off
2026-09-16 05:40	64.7	-15.4	0.0	0.0	8.064	5.356677683333333	15.048	off
2026-09-16 05:45	65.7	-14.7	0.0	0.0	8.064	10.356677683333334	15.048	off
2026-09-16 05:50	66.8	-14.0	0.0	0.0	8.064	15.356677683333334	15.048	off
2026-09-16 05:55	67.9	-13.3	0.0	0.0	8.064	20.35667768333333	15.048	off
2026-09-16 06:00	68.9	-12.5	0.0	0.0	8.064	25.35667768333333	15.048	off
2026-09-16 06:05	69.9	-11.8	0.0	0.0	8.064	30.35667768333333	15.048	off
2026-09-16 06:10	71.0	-11.1	0.0	0.0	8.064	35.35667768333334	15.048	off
2026-09-16 06:15	72.0	-10.4	0.0	0.0	8.064	40.35667768333334	15.048	off
2026-09-16 06:20	73.0	-9.6	0.0	0.0	8.064	45.35667768333334	15.048	off
2026-09-16 06:25	74.1	-8.9	0.0	0.0	8.064	50.35667768333334	15.048	off
2026-09-16 06:30	75.1	-8.1	0.0	0.0	8.064	55.35667768333334	15.048	off
2026-09-16 06:35	76.1	-7.4	0.0	0.0	8.784	0.3566775	16.488	off
2026-09-16 06:40	77.1	-6.6	0.0	0.0	8.784	5.3566775	16.488	off
2026-09-16 06:45	78.1	-5.9	0.0	0.0	8.784	10.3566775	16.488	off
2026-09-16 06:50	79.1	-5.1	0.0	0.0	8.784	15.3566775	16.488	off
2026-09-16 06:55	80.1	-4.4	0.0	0.0	8.784	20.3566775	16.488	off
2026-09-16 07:00	81.1	-3.6	0.0	0.0	8.784	25.3566775	16.488	off
2026-09-16 07:05	82.1	-2.8	0.0	0.0	8.784	30.3566775	16.488	off
2026-09-16 07:10	83.1	-2.1	0.0	0.0	8.784	35.3566775	16.488	off
2026-09-16 07:15	84.0	-1.3	0.0	0.0	8.784	40.3566775	16.488	off
2026-09-16 07:20	85.0	-0.6	0.0	0.0	8.784	45.3566775	16.488	off
2026-09-16 07:25	86.0	0.2	0.0	0.0	8.784	50.3566775	16.488	off
2026-09-16 07:30	87.0	1.0	0.0	0.0	8.784	55.3566775	16.488	off
2026-09-16 07:35	88.0	1.8	0.0	0.0	7.416	0.35612106666666665	unknown	off
2026-09-16 07:40	89.0	2.5	0.0	0.0	7.416	5.356121066666666	unknown	off
2026-09-16 07:45	90.0	3.3	0.0	0.0	7.416	10.356121066666667	unknown	on
2026-09-16 07:50	90.9	4.1	0.0	0.0	7.416	15.356121066666667	unknown	on
2026-09-16 07:55	91.9	4.8	0.0	0.0	7.416	20.356121066666667	unknown	on
2026-09-16 08:00	92.9	5.6	0.0	0.0	7.416	25.356121066666667	unknown	off
2026-09-16 08:05	93.9	6.4	0.0	0.0	11.124	0.35643573333333334	unknown	off
2026-09-16 08:10	94.9	7.2	0.0	0.0	11.124	5.356435733333333	unknown	off
2026-09-16 08:15	95.9	7.9	0.0	0.0	11.124	10.356435733333333	unknown	off
2026-09-16 08:20	96.9	8.7	0.0	0.0	11.124	15.356435733333333	unknown	off
2026-09-16 08:25	97.9	9.4	0.0	0.0	11.124	20.356435733333335	unknown	off
2026-09-16 08:30	98.9	10.2	10.0	3.0	11.124	25.356435733333335	unknown	off
2026-09-16 08:35	99.9	11.0	51.0	17.0	7.416	0.3560662166666667	unknown	off
2026-09-16 08:40	100.9	11.7	90.0	29.0	7.416	5.356066216666666	unknown	off
2026-09-16 08:45	101.9	12.5	106.0	39.0	7.416	10.356066216666667	unknown	off
2026-09-16 08:50	102.9	13.2	109.0	54.0	7.416	15.356066216666667	unknown	on
2026-09-16 08:55	104.0	14.0	112.0	66.0	7.416	20.356066216666665	unknown	on
2026-09-16 09:00	105.0	14.7	111.0	76.0	7.416	25.356066216666665	unknown	on
2026-09-16 09:05	106.0	15.5	97.0	87.0	9.252	0.35593620000000004	unknown	on
2026-09-16 09:10	107.1	16.2	106.0	102.0	9.252	5.3559362	unknown	on
2026-09-16 09:15	108.1	17.0	158.0	124.0	9.252	10.3559362	unknown	on
2026-09-16 09:20	109.2	17.7	244.0	150.0	9.252	15.3559362	unknown	on
2026-09-16 09:25	110.3	18.4	331.0	182.0	9.252	20.3559362	unknown	on
2026-09-16 09:30	111.4	19.1	490.0	251.0	9.252	25.3559362	unknown	on
2026-09-16 09:35	112.4	19.8	715.0	350.0	9.252	30.3559362	unknown	on
2026-09-16 09:40	113.5	20.6	738.0	389.0	9.252	35.355936199999995	unknown	on
2026-09-16 09:45	114.6	21.3	775.0	481.0	9.252	40.355936199999995	unknown	on
2026-09-16 09:50	115.8	22.0	787.0	578.0	9.252	45.355936199999995	unknown	on
2026-09-16 09:55	116.9	22.6	708.0	590.0	9.252	50.355936199999995	unknown	on
2026-09-16 10:00	118.0	23.3	466.0	593.0	9.252	55.355936199999995	unknown	on
2026-09-16 10:05	119.2	24.0	279.0	588.0	11.268	0.35618238333333335	19.296	on
2026-09-16 10:10	120.3	24.7	298.0	577.0	11.268	5.3561823833333335	19.296	on
2026-09-16 10:15	121.5	25.3	285.0	515.0	11.268	10.356182383333334	19.296	on
2026-09-16 10:20	122.7	26.0	246.0	434.0	11.268	15.356182383333334	19.296	on
2026-09-16 10:25	123.9	26.6	252.0	416.0	11.268	20.35618238333333	19.296	on
2026-09-16 10:30	125.1	27.3	330.0	358.0	11.268	25.35618238333333	19.296	on
2026-09-16 10:35	126.3	27.9	562.0	361.0	9.252	0.35663286666666666	unknown	on
2026-09-16 10:40	127.5	28.5	887.0	476.0	9.252	5.356632866666667	unknown	off
2026-09-16 10:45	128.8	29.1	1175.0	593.0	9.252	10.356632866666667	unknown	off
2026-09-16 10:50	130.0	29.7	1356.0	717.0	9.252	15.356632866666667	unknown	on
2026-09-16 10:55	131.3	30.3	1704.0	959.0	9.252	20.356632866666665	unknown	on
2026-09-16 11:00	132.6	30.9	2160.0	1213.0	9.252	25.356632866666665	unknown	on
2026-09-16 11:05	133.9	31.4	2507.0	1478.0	14.832	0.35600028333333333	unknown	on
2026-09-16 11:10	135.2	32.0	2000.0	1551.0	14.832	5.3560002833333336	unknown	on
2026-09-16 11:15	136.5	32.5	1298.0	1550.0	14.832	10.356000283333334	unknown	on
2026-09-16 11:20	137.9	33.0	611.0	1512.0	14.832	15.356000283333334	unknown	on
2026-09-16 11:25	139.3	33.6	493.0	1401.0	14.832	20.356000283333334	unknown	on
2026-09-16 11:30	140.6	34.1	432.0	1304.0	14.832	25.356000283333334	unknown	on
2026-09-16 11:35	142.0	34.5	345.0	1161.0	16.668	0.35639973333333336	unknown	on
2026-09-16 11:40	143.4	35.0	891.0	1114.0	16.668	5.356399733333333	unknown	on
2026-09-16 11:45	144.9	35.5	997.0	898.0	16.668	10.356399733333335	unknown	on
2026-09-16 11:50	146.3	35.9	1038.0	661.0	16.668	15.356399733333335	unknown	on
2026-09-16 11:55	147.8	36.3	453.0	615.0	16.668	20.356399733333333	unknown	on
2026-09-16 12:00	149.2	36.7	396.0	602.0	16.668	25.356399733333333	unknown	on
2026-09-16 12:05	150.7	37.1	347.0	574.0	14.832	0.35643995	unknown	on
2026-09-16 12:10	152.2	37.5	578.0	642.0	14.832	5.3564399499999995	unknown	on
2026-09-16 12:15	153.7	37.8	1126.0	830.0	14.832	10.35643995	unknown	on
2026-09-16 12:20	155.3	38.1	1818.0	1052.0	14.832	15.35643995	unknown	on
2026-09-16 12:25	156.8	38.5	1705.0	928.0	14.832	20.35643995	unknown	on
2026-09-16 12:30	158.4	38.7	1170.0	898.0	14.832	25.35643995	unknown	on
2026-09-16 12:35	159.9	39.0	481.0	879.0	18.504	0.3563750166666667	unknown	on
2026-09-16 12:40	161.5	39.3	238.0	858.0	18.504	5.356375016666666	unknown	off
2026-09-16 12:45	163.1	39.5	232.0	844.0	18.504	10.356375016666668	unknown	off
2026-09-16 12:50	164.7	39.7	291.0	860.0	18.504	15.356375016666668	unknown	off
2026-09-16 12:55	166.3	39.9	1169.0	1022.0	18.504	20.356375016666668	unknown	on
2026-09-16 13:00	167.9	40.1	2306.0	1215.0	18.504	25.356375016666668	unknown	on
2026-09-16 13:05	169.5	40.2	2504.0	1077.0	6.444	0.3556231833333333	19.296	on
2026-09-16 13:10	171.2	40.4	2105.0	1187.0	6.444	5.355623183333334	19.296	on
2026-09-16 13:15	172.8	40.5	1810.0	1459.0	9.648	0.3559808	19.296	on
2026-09-16 13:20	174.4	40.6	1934.0	1554.0	9.648	5.3559808	19.296	on
2026-09-16 13:25	176.1	40.6	2417.0	1914.0	12.888	0.3557457666666667	25.74	on
2026-09-16 13:30	177.7	40.7	2527.0	2214.0	12.888	5.355745766666667	25.74	on
2026-09-16 13:35	179.4	40.7	2993.0	2450.0	12.888	10.355745766666667	25.74	on
2026-09-16 13:40	181.0	40.7	2136.0	2212.0	12.888	15.355745766666667	25.74	on
2026-09-16 13:45	182.7	40.6	1285.0	1887.0	6.444	0.35579296666666665	19.296	on
2026-09-16 13:50	184.3	40.6	733.0	1876.0	6.444	5.355792966666667	19.296	on
2026-09-16 13:55	185.9	40.5	1089.0	1869.0	11.268	0.3558193	24.156	on
2026-09-16 14:00	187.6	40.4	1197.0	1683.0	11.268	5.355819299999999	24.156	on
2026-09-16 14:05	189.2	40.3	1224.0	1633.0	11.268	10.3558193	20.916	on
2026-09-16 14:10	190.8	40.2	833.0	1343.0	11.268	15.3558193	20.916	on
2026-09-16 14:15	192.5	40.0	1384.0	1277.0	11.268	20.3558193	20.916	on
2026-09-16 14:20	194.1	39.8	1355.0	1097.0	11.268	25.3558193	20.916	on
2026-09-16 14:25	195.7	39.6	1213.0	1048.0	11.268	30.3558193	20.916	on
2026-09-16 14:30	197.3	39.4	481.0	1021.0	11.268	35.3558193	20.916	on
2026-09-16 14:35	198.9	39.2	369.0	973.0	14.832	0.35570083333333335	unknown	on
2026-09-16 14:40	200.4	38.9	304.0	786.0	14.832	5.355700833333333	unknown	on
2026-09-16 14:45	202.0	38.6	298.0	721.0	14.832	10.355700833333334	unknown	on
2026-09-16 14:50	203.5	38.3	371.0	691.0	14.832	15.355700833333334	unknown	on
2026-09-16 14:55	205.1	38.0	501.0	668.0	14.832	20.355700833333334	unknown	on
2026-09-16 15:00	206.6	37.7	646.0	471.0	14.832	25.355700833333334	unknown	on
2026-09-16 15:05	208.1	37.3	625.0	454.0	12.96	0.3564636333333333	unknown	on
2026-09-16 15:10	209.6	37.0	443.0	422.0	12.96	5.356463633333333	unknown	on
2026-09-16 15:15	211.1	36.6	236.0	395.0	12.96	10.356463633333334	unknown	on
2026-09-16 15:20	212.6	36.2	138.0	378.0	12.96	15.356463633333334	unknown	on
2026-09-16 15:25	214.0	35.7	108.0	356.0	12.96	20.35646363333333	unknown	on
2026-09-16 15:30	215.4	35.3	114.0	331.0	12.96	25.35646363333333	unknown	on
2026-09-16 15:35	216.9	34.8	133.0	296.0	14.832	0.35610044999999996	unknown	on
2026-09-16 15:40	218.3	34.4	179.0	241.0	14.832	5.35610045	unknown	on
2026-09-16 15:45	219.7	33.9	201.0	182.0	14.832	10.356100450000001	unknown	on
2026-09-16 15:50	221.0	33.4	190.0	154.0	14.832	15.356100450000001	unknown	on
2026-09-16 15:55	222.4	32.9	155.0	148.0	14.832	20.35610045	unknown	on
2026-09-16 16:00	223.7	32.3	134.0	149.0	14.832	25.35610045	unknown	on
2026-09-16 16:05	225.1	31.8	158.0	161.0	14.832	30.35610045	unknown	on
2026-09-16 16:10	226.4	31.2	195.0	177.0	14.832	35.35610045	unknown	on
2026-09-16 16:15	227.7	30.7	248.0	193.0	14.832	40.35610045	unknown	on
2026-09-16 16:20	229.0	30.1	273.0	207.0	14.832	45.35610045	unknown	on
2026-09-16 16:25	230.2	29.5	285.0	211.0	14.832	50.35610045	unknown	on
2026-09-16 16:30	231.5	28.9	306.0	229.0	14.832	55.35610045	unknown	on
2026-09-16 16:35	232.7	28.3	344.0	258.0	16.668	0.3562243	unknown	on
2026-09-16 16:40	233.9	27.7	458.0	312.0	16.668	5.3562243	unknown	on
2026-09-16 16:45	235.2	27.0	734.0	428.0	16.668	10.356224300000001	unknown	on
2026-09-16 16:50	236.4	26.4	1124.0	575.0	16.668	15.356224300000001	unknown	on
2026-09-16 16:55	237.6	25.8	1366.0	700.0	16.668	20.3562243	unknown	on
2026-09-16 17:00	238.7	25.1	1189.0	750.0	16.668	25.3562243	unknown	on
2026-09-16 17:05	239.9	24.4	932.0	798.0	18.504	0.35651916666666666	unknown	on
2026-09-16 17:10	241.0	23.8	722.0	849.0	18.504	5.356519166666667	unknown	on
2026-09-16 17:15	242.2	23.1	766.0	902.0	18.504	10.356519166666667	unknown	on
2026-09-16 17:20	243.3	22.4	641.0	898.0	18.504	15.356519166666667	unknown	on
2026-09-16 17:25	244.4	21.7	446.0	843.0	18.504	20.356519166666665	unknown	on
2026-09-16 17:30	245.5	21.0	235.0	726.0	18.504	25.356519166666665	unknown	on
2026-09-16 17:35	246.6	20.3	214.0	593.0	14.832	0.35644121666666667	unknown	on
2026-09-16 17:40	247.7	19.6	276.0	479.0	14.832	5.356441216666667	unknown	on
2026-09-16 17:45	248.8	18.9	336.0	444.0	14.832	10.356441216666667	unknown	on
2026-09-16 17:50	249.9	18.1	346.0	397.0	14.832	15.356441216666667	unknown	on
2026-09-16 17:55	251.0	17.4	321.0	346.0	14.832	20.356441216666667	unknown	on
2026-09-16 18:00	252.0	16.7	289.0	286.0	14.832	25.356441216666667	unknown	on
2026-09-16 18:05	253.1	15.9	263.0	275.0	14.832	30.356441216666667	unknown	on
2026-09-16 18:10	254.1	15.2	257.0	286.0	14.832	35.35644121666667	unknown	on
2026-09-16 18:15	255.1	14.4	245.0	290.0	14.832	40.35644121666667	unknown	on
2026-09-16 18:20	256.2	13.7	240.0	282.0	14.832	45.35644121666667	unknown	on
2026-09-16 18:25	257.2	12.9	206.0	261.0	14.832	50.35644121666667	unknown	on
2026-09-16 18:30	258.2	12.2	210.0	248.0	14.832	55.35644121666667	unknown	on
2026-09-16 18:35	259.2	11.4	238.0	245.0	14.832	60.35644121666667	unknown	on
2026-09-16 18:40	260.2	10.7	233.0	232.0	14.832	65.35644121666667	unknown	on
2026-09-16 18:45	261.3	9.9	209.0	221.0	14.832	70.35644121666665	unknown	on
2026-09-16 18:50	262.3	9.1	155.0	210.0	14.832	75.35644121666665	unknown	on
2026-09-16 18:55	263.3	8.4	128.0	190.0	14.832	80.35644121666665	unknown	on
2026-09-16 19:00	264.2	7.6	109.0	176.0	14.832	85.35644121666665	unknown	on
2026-09-16 19:05	265.2	6.8	108.0	166.0	11.124	0.3560098166666667	unknown	on
2026-09-16 19:10	266.2	6.1	95.0	152.0	11.124	5.356009816666667	unknown	on
2026-09-16 19:15	267.2	5.3	64.0	128.0	11.124	10.356009816666667	unknown	off
2026-09-16 19:20	268.2	4.5	34.0	99.0	11.124	15.356009816666667	unknown	off
2026-09-16 19:25	269.2	3.7	19.0	81.0	11.124	20.356009816666663	unknown	off
2026-09-16 19:30	270.2	3.0	15.0	63.0	11.124	25.356009816666663	unknown	off
2026-09-16 19:35	271.1	2.2	11.0	51.0	9.252	0.35676098333333334	unknown	off
2026-09-16 19:40	272.1	1.4	7.0	40.0	9.252	5.356760983333333	unknown	off
2026-09-16 19:45	273.1	0.7	3.0	27.0	9.252	10.356760983333334	unknown	off
2026-09-16 19:50	274.1	-0.1	1.0	15.0	9.252	15.356760983333334	unknown	off
2026-09-16 19:55	275.1	-0.9	0.0	9.0	9.252	20.356760983333334	unknown	off
2026-09-16 20:00	276.1	-1.7	0.0	6.0	9.252	25.356760983333334	unknown	off
2026-09-16 20:05	277.0	-2.4	0.0	4.0	5.544	0.35680561666666666	unknown	off
2026-09-16 20:10	278.0	-3.2	0.0	2.0	5.544	5.356805616666667	unknown	off
2026-09-16 20:15	279.0	-4.0	0.0	1.0	5.544	10.356805616666666	unknown	off
2026-09-16 20:20	280.0	-4.7	0.0	0.0	5.544	15.356805616666666	unknown	off
2026-09-16 20:25	281.0	-5.5	0.0	0.0	5.544	20.35680561666667	unknown	off
2026-09-16 20:30	282.0	-6.2	0.0	0.0	5.544	25.35680561666667	unknown	off
2026-09-16 20:35	283.0	-7.0	0.0	0.0	9.648	0.3565299166666666	12.888	on
2026-09-16 20:40	284.0	-7.7	0.0	0.0	9.648	5.356529916666667	12.888	on
2026-09-16 20:45	285.0	-8.5	0.0	0.0	9.648	10.356529916666666	12.888	on
2026-09-16 20:50	286.0	-9.2	0.0	0.0	9.648	15.356529916666666	12.888	on
2026-09-16 20:55	287.1	-10.0	0.0	0.0	9.252	0.3563836	unknown	on
2026-09-16 21:00	288.1	-10.7	0.0	0.0	9.252	5.3563836	unknown	on
2026-09-16 21:05	289.1	-11.5	0.0	0.0	12.96	0.3564966	unknown	on
2026-09-16 21:10	290.2	-12.2	0.0	0.0	12.96	5.3564966	unknown	on
2026-09-16 21:15	291.2	-12.9	0.0	0.0	12.96	10.356496600000002	unknown	on
2026-09-16 21:20	292.2	-13.6	0.0	0.0	12.96	15.356496600000002	unknown	on
2026-09-16 21:25	293.3	-14.3	0.0	0.0	12.96	20.3564966	unknown	on
2026-09-16 21:30	294.4	-15.0	0.0	0.0	12.96	25.3564966	unknown	on
2026-09-16 21:35	295.4	-15.7	0.0	0.0	12.96	30.3564966	unknown	on
2026-09-16 21:40	296.5	-16.4	0.0	0.0	12.96	35.3564966	unknown	on
2026-09-16 21:45	297.6	-17.1	0.0	0.0	12.96	40.3564966	unknown	on
2026-09-16 21:50	298.7	-17.8	0.0	0.0	12.96	45.3564966	unknown	on
2026-09-16 21:55	299.8	-18.5	0.0	0.0	12.96	50.3564966	unknown	on
2026-09-16 22:00	300.9	-19.2	0.0	0.0	12.96	55.3564966	unknown	on
2026-09-16 22:05	302.1	-19.8	0.0	0.0	7.416	0.3559124666666667	unknown	on
2026-09-16 22:10	303.2	-20.5	0.0	0.0	7.416	5.355912466666666	unknown	off
2026-09-16 22:15	304.3	-21.1	0.0	0.0	7.416	10.355912466666666	unknown	off
2026-09-16 22:20	305.5	-21.7	0.0	0.0	7.416	15.355912466666666	unknown	off
2026-09-16 22:25	306.7	-22.4	0.0	0.0	7.416	20.355912466666666	unknown	off
2026-09-16 22:30	307.8	-23.0	0.0	0.0	7.416	25.355912466666666	unknown	off
2026-09-16 22:35	309.0	-23.6	0.0	0.0	9.252	0.35595081666666667	unknown	off
2026-09-16 22:40	310.2	-24.2	0.0	0.0	9.252	5.355950816666667	unknown	off
2026-09-16 22:45	311.4	-24.8	0.0	0.0	9.252	10.355950816666667	unknown	off
2026-09-16 22:50	312.7	-25.3	0.0	0.0	9.252	15.355950816666667	unknown	off
2026-09-16 22:55	313.9	-25.9	0.0	0.0	9.252	20.355950816666667	unknown	off
2026-09-16 23:00	315.1	-26.5	0.0	0.0	9.252	25.355950816666667	unknown	off
2026-09-16 23:05	316.4	-27.0	0.0	0.0	11.124	0.35604663333333336	unknown	off
2026-09-16 23:10	317.7	-27.5	0.0	0.0	11.124	5.356046633333333	unknown	on
2026-09-16 23:15	319.0	-28.0	0.0	0.0	11.124	10.356046633333333	unknown	on
2026-09-16 23:20	320.3	-28.5	0.0	0.0	11.124	15.356046633333333	unknown	on
2026-09-16 23:25	321.6	-29.0	0.0	0.0	11.124	20.356046633333335	unknown	off
2026-09-16 23:30	322.9	-29.5	0.0	0.0	11.124	25.356046633333335	unknown	off
2026-09-16 23:35	324.2	-30.0	0.0	0.0	11.124	2.6850171333333335	unknown	off
2026-09-16 23:40	325.6	-30.4	0.0	0.0	9.252	3.22661225	unknown	off
2026-09-16 23:45	327.0	-30.8	0.0	0.0	9.252	8.22661225	unknown	off
2026-09-16 23:50	328.3	-31.3	0.0	0.0	9.252	13.226612249999999	unknown	off
2026-09-16 23:55	329.7	-31.7	0.0	0.0	9.252	18.226612250000002	unknown	off
2026-09-17 00:00	331.1	-32.0	0.0	0.0	9.252	0.0	unknown	off
2026-09-17 00:05	332.5	-32.4	0.0	0.0	9.252	5.0	unknown	off
2026-09-17 00:10	334.0	-32.8	0.0	0.0	5.544	3.223801016666667	unknown	off
2026-09-17 00:15	335.4	-33.1	0.0	0.0	5.544	8.223801016666666	unknown	off
2026-09-17 00:20	336.8	-33.4	0.0	0.0	5.544	13.223801016666666	unknown	off
2026-09-17 00:25	338.3	-33.7	0.0	0.0	5.544	18.223801016666666	unknown	off
2026-09-17 00:30	339.8	-34.0	0.0	0.0	5.544	23.223801016666666	unknown	off
2026-09-17 00:35	341.2	-34.2	0.0	0.0	5.544	28.223801016666666	unknown	off
2026-09-17 00:40	342.7	-34.5	0.0	0.0	9.252	3.2241985833333335	unknown	off
2026-09-17 00:45	344.2	-34.7	0.0	0.0	9.252	8.224198583333333	unknown	off
2026-09-17 00:50	345.7	-34.9	0.0	0.0	9.252	13.224198583333333	unknown	off
2026-09-17 00:55	347.2	-35.1	0.0	0.0	9.252	18.224198583333337	unknown	off
2026-09-17 01:00	348.7	-35.2	0.0	0.0	9.252	23.224198583333337	unknown	off
2026-09-17 01:05	350.3	-35.4	0.0	0.0	9.252	28.224198583333337	unknown	off
2026-09-17 01:10	351.8	-35.5	0.0	0.0	11.124	3.2244849666666666	unknown	off
2026-09-17 01:15	353.3	-35.6	0.0	0.0	11.124	8.224484966666667	unknown	off
2026-09-17 01:20	354.9	-35.7	0.0	0.0	11.124	13.224484966666667	unknown	off
2026-09-17 01:25	356.4	-35.7	0.0	0.0	11.124	18.22448496666667	unknown	off
2026-09-17 01:30	357.9	-35.8	0.0	0.0	11.124	23.22448496666667	unknown	off
2026-09-17 01:35	359.5	-35.8	0.0	0.0	11.124	28.22448496666667	unknown	off
2026-09-17 01:40	1.0	-35.8	0.0	0.0	12.96	3.2244614	unknown	off
2026-09-17 01:45	2.5	-35.8	0.0	0.0	12.96	8.224461400000001	unknown	off
2026-09-17 01:50	4.1	-35.7	0.0	0.0	12.96	13.2244614	unknown	off
2026-09-17 01:55	5.6	-35.7	0.0	0.0	12.96	18.2244614	unknown	off
2026-09-17 02:00	7.2	-35.6	0.0	0.0	12.96	23.2244614	unknown	off
2026-09-17 02:05	8.7	-35.5	0.0	0.0	12.96	28.2244614	unknown	off
2026-09-17 02:10	10.2	-35.4	0.0	0.0	14.832	3.22403175	unknown	off
2026-09-17 02:15	11.7	-35.2	0.0	0.0	14.832	8.22403175	unknown	off
2026-09-17 02:20	13.2	-35.0	0.0	0.0	14.832	13.22403175	unknown	off
2026-09-17 02:25	14.8	-34.9	0.0	0.0	14.832	18.224031749999998	unknown	off
2026-09-17 02:30	16.3	-34.7	0.0	0.0	14.832	23.224031749999998	unknown	off
2026-09-17 02:35	17.7	-34.4	0.0	0.0	14.832	28.224031749999998	unknown	off
2026-09-17 02:40	19.2	-34.2	0.0	0.0	12.96	3.224388783333333	unknown	off
2026-09-17 02:45	20.7	-33.9	0.0	0.0	12.96	8.224388783333334	unknown	off
2026-09-17 02:50	22.2	-33.6	0.0	0.0	12.96	13.224388783333334	unknown	off
2026-09-17 02:55	23.6	-33.3	0.0	0.0	12.96	18.224388783333332	unknown	off
2026-09-17 03:00	25.1	-33.0	0.0	0.0	12.96	23.224388783333332	unknown	off
2026-09-17 03:05	26.5	-32.7	0.0	0.0	12.96	28.224388783333332	unknown	off
2026-09-17 03:10	27.9	-32.3	0.0	0.0	14.832	3.2250873166666665	unknown	off
2026-09-17 03:15	29.3	-32.0	0.0	0.0	14.832	8.225087316666666	unknown	off
2026-09-17 03:20	30.7	-31.6	0.0	0.0	14.832	13.225087316666666	unknown	off
2026-09-17 03:25	32.1	-31.2	0.0	0.0	14.832	18.225087316666666	unknown	off
2026-09-17 03:30	33.5	-30.8	0.0	0.0	14.832	23.225087316666666	unknown	off
2026-09-17 03:35	34.8	-30.3	0.0	0.0	14.832	28.225087316666666	unknown	off
2026-09-17 03:40	36.2	-29.9	0.0	0.0	14.832	33.22508731666667	unknown	off
2026-09-17 03:45	37.5	-29.4	0.0	0.0	14.832	38.22508731666667	unknown	off
2026-09-17 03:50	38.9	-28.9	0.0	0.0	14.832	43.22508731666667	unknown	off
2026-09-17 03:55	40.2	-28.5	0.0	0.0	14.832	48.22508731666667	unknown	off
2026-09-17 04:00	41.5	-28.0	0.0	0.0	14.832	53.22508731666667	unknown	off
2026-09-17 04:05	42.7	-27.4	0.0	0.0	14.832	58.22508731666667	unknown	off
2026-09-17 04:10	44.0	-26.9	0.0	0.0	12.96	3.2250942666666664	unknown	off
2026-09-17 04:15	45.3	-26.4	0.0	0.0	12.96	8.225094266666666	unknown	off
2026-09-17 04:20	46.5	-25.8	0.0	0.0	12.96	13.225094266666668	unknown	off
2026-09-17 04:25	47.8	-25.3	0.0	0.0	12.96	18.225094266666666	unknown	off
2026-09-17 04:30	49.0	-24.7	0.0	0.0	12.96	23.225094266666666	unknown	off
2026-09-17 04:35	50.2	-24.1	0.0	0.0	12.96	28.225094266666666	unknown	off
2026-09-17 04:40	51.4	-23.5	0.0	0.0	12.96	33.225094266666666	unknown	off
2026-09-17 04:45	52.6	-22.9	0.0	0.0	12.96	38.225094266666666	unknown	off
2026-09-17 04:50	53.8	-22.3	0.0	0.0	12.96	43.225094266666666	unknown	off
2026-09-17 04:55	54.9	-21.6	0.0	0.0	12.96	48.225094266666666	unknown	off
2026-09-17 05:00	56.1	-21.0	0.0	0.0	12.96	53.225094266666666	unknown	off
2026-09-17 05:05	57.2	-20.4	0.0	0.0	12.96	58.225094266666666	unknown	off
2026-09-17 05:10	58.4	-19.7	0.0	0.0	14.832	3.22457555	unknown	off
2026-09-17 05:15	59.5	-19.0	0.0	0.0	14.832	8.22457555	unknown	off
2026-09-17 05:20	60.6	-18.4	0.0	0.0	14.832	13.224575549999999	unknown	off
2026-09-17 05:25	61.7	-17.7	0.0	0.0	14.832	18.22457555	unknown	off
2026-09-17 05:30	62.8	-17.0	0.0	0.0	14.832	23.22457555	unknown	off
2026-09-17 05:35	63.9	-16.3	0.0	0.0	14.832	28.22457555	unknown	off
2026-09-17 05:40	65.0	-15.6	0.0	0.0	14.832	33.224575550000004	unknown	off
2026-09-17 05:45	66.0	-14.9	0.0	0.0	14.832	38.224575550000004	unknown	off
2026-09-17 05:50	67.1	-14.2	0.0	0.0	14.832	43.224575550000004	unknown	off
2026-09-17 05:55	68.2	-13.5	0.0	0.0	14.832	48.224575550000004	unknown	off
2026-09-17 06:00	69.2	-12.8	0.0	0.0	14.832	53.224575550000004	unknown	off
2026-09-17 06:05	70.3	-12.1	0.0	0.0	14.832	58.224575550000004	unknown	off
2026-09-17 06:10	71.3	-11.3	0.0	0.0	14.832	63.224575550000004	unknown	off
2026-09-17 06:15	72.3	-10.6	0.0	0.0	14.832	68.22457555	unknown	off
2026-09-17 06:20	73.3	-9.9	0.0	0.0	14.832	73.22457555	unknown	off
2026-09-17 06:25	74.4	-9.1	0.0	0.0	14.832	78.22457555	unknown	off
2026-09-17 06:30	75.4	-8.4	0.0	0.0	14.832	83.22457555	unknown	off
2026-09-17 06:35	76.4	-7.6	0.0	0.0	14.832	88.22457555	unknown	off
2026-09-17 06:40	77.4	-6.9	0.0	0.0	18.504	3.2248574666666667	unknown	off
2026-09-17 06:45	78.4	-6.1	0.0	0.0	18.504	8.224857466666666	unknown	off
2026-09-17 06:50	79.4	-5.4	0.0	0.0	18.504	13.224857466666666	unknown	off
2026-09-17 06:55	80.4	-4.6	0.0	0.0	18.504	18.224857466666666	unknown	off
2026-09-17 07:00	81.4	-3.9	0.0	0.0	18.504	23.224857466666666	unknown	off
2026-09-17 07:05	82.4	-3.1	0.0	0.0	18.504	28.224857466666666	unknown	off
2026-09-17 07:10	83.4	-2.3	0.0	0.0	18.504	33.22485746666667	unknown	off
2026-09-17 07:15	84.4	-1.6	0.0	0.0	18.504	38.22485746666667	unknown	off
2026-09-17 07:20	85.3	-0.8	0.0	0.0	18.504	43.22485746666667	unknown	off
2026-09-17 07:25	86.3	-0.0	0.0	0.0	18.504	48.22485746666667	unknown	off
2026-09-17 07:30	87.3	0.7	0.0	0.0	18.504	53.22485746666667	unknown	off
2026-09-17 07:35	88.3	1.5	0.0	0.0	18.504	58.22485746666667	unknown	off
2026-09-17 07:40	89.3	2.3	0.0	0.0	18.504	63.22485746666667	unknown	off
2026-09-17 07:45	90.3	3.1	0.0	0.0	18.504	68.22485746666668	unknown	off
2026-09-17 07:50	91.2	3.8	0.0	0.0	18.504	73.22485746666666	unknown	off
2026-09-17 07:55	92.2	4.6	0.0	0.0	18.504	78.22485746666666	unknown	off
2026-09-17 08:00	93.2	5.4	0.0	0.0	18.504	83.22485746666666	unknown	off
2026-09-17 08:05	94.2	6.1	0.0	0.0	18.504	88.22485746666666	unknown	off
2026-09-17 08:10	95.2	6.9	0.0	0.0	18.504	93.22485746666666	unknown	off
2026-09-17 08:15	96.2	7.7	0.0	0.0	18.504	98.22485746666666	unknown	off
2026-09-17 08:20	97.2	8.4	0.0	0.0	18.504	103.22485746666666	unknown	off
2026-09-17 08:25	98.2	9.2	9.0	3.0	18.504	108.22485746666666	unknown	off
2026-09-17 08:30	99.2	10.0	52.0	17.0	18.504	113.22485746666666	unknown	off
2026-09-17 08:35	100.2	10.7	104.0	34.0	18.504	118.22485746666666	unknown	off
2026-09-17 08:40	101.2	11.5	148.0	52.0	16.668	3.2246696666666663	unknown	off
2026-09-17 08:45	102.2	12.2	175.0	76.0	16.668	8.224669666666667	unknown	off
2026-09-17 08:50	103.3	13.0	229.0	110.0	16.668	13.224669666666667	unknown	off
2026-09-17 08:55	104.3	13.7	266.0	141.0	16.668	18.224669666666667	unknown	off
2026-09-17 09:00	105.3	14.5	263.0	164.0	16.668	23.224669666666667	unknown	off
2026-09-17 09:05	106.4	15.2	247.0	194.0	16.668	28.224669666666667	unknown	off
2026-09-17 09:10	107.4	16.0	270.0	227.0	20.376	3.22467355	unknown	off
2026-09-17 09:15	108.5	16.7	313.0	250.0	20.376	8.22467355	unknown	off
2026-09-17 09:20	109.5	17.4	390.0	290.0	20.376	13.22467355	unknown	off
2026-09-17 09:25	110.6	18.1	545.0	358.0	20.376	18.22467355	unknown	off
2026-09-17 09:30	111.7	18.9	751.0	439.0	20.376	23.22467355	unknown	off
2026-09-17 09:35	112.7	19.6	963.0	530.0	20.376	28.22467355	unknown	off
2026-09-17 09:40	113.8	20.3	1085.0	636.0	22.212	3.22495145	unknown	off
2026-09-17 09:45	114.9	21.0	1127.0	729.0	22.212	8.22495145	unknown	off
2026-09-17 09:50	116.1	21.7	1119.0	824.0	22.212	13.224951449999999	unknown	off
2026-09-17 09:55	117.2	22.4	1127.0	923.0	22.212	18.22495145	unknown	off
2026-09-17 10:00	118.3	23.1	1213.0	1030.0	22.212	23.22495145	unknown	off
2026-09-17 10:05	119.5	23.7	1200.0	1098.0	22.212	28.22495145	unknown	off
2026-09-17 10:10	120.6	24.4	1163.0	1122.0	24.084	3.2247524833333334	unknown	off
2026-09-17 10:15	121.8	25.1	1178.0	1172.0	24.084	8.224752483333333	unknown	off
2026-09-17 10:20	123.0	25.7	1367.0	1224.0	24.084	13.224752483333333	unknown	off
2026-09-17 10:25	124.2	26.4	1679.0	1318.0	24.084	18.224752483333337	unknown	off
2026-09-17 10:30	125.4	27.0	1760.0	1382.0	24.084	23.224752483333337	unknown	off
2026-09-17 10:35	126.6	27.6	1468.0	1349.0	24.084	28.224752483333337	unknown	off
2026-09-17 10:40	127.8	28.2	1061.0	1310.0	25.92	3.2242536	unknown	off
2026-09-17 10:45	129.1	28.8	957.0	1297.0	25.92	8.2242536	unknown	off
2026-09-17 10:50	130.3	29.4	932.0	1273.0	25.92	13.224253599999999	unknown	off
2026-09-17 10:55	131.6	30.0	955.0	1240.0	25.92	18.2242536	unknown	off
2026-09-17 11:00	132.9	30.6	877.0	1191.0	25.92	23.2242536	unknown	off
2026-09-17 11:05	134.2	31.1	1012.0	1141.0	25.92	28.2242536	unknown	off
2026-09-17 11:10	135.5	31.7	1315.0	1106.0	29.628	3.2242212166666664	unknown	off
2026-09-17 11:15	136.8	32.2	1383.0	1069.0	29.628	8.224221216666667	unknown	off
2026-09-17 11:20	138.2	32.7	1209.0	1052.0	29.628	13.224221216666667	unknown	off
2026-09-17 11:25	139.5	33.2	822.0	1032.0	29.628	18.224221216666667	unknown	off
2026-09-17 11:30	140.9	33.7	541.0	936.0	29.628	23.224221216666667	unknown	off
2026-09-17 11:35	142.3	34.2	400.0	877.0	29.628	28.224221216666667	unknown	on
2026-09-17 11:40	143.7	34.7	382.0	842.0	29.628	33.22422121666667	48.168	on
2026-09-17 11:45	145.1	35.1	566.0	826.0	29.628	38.22422121666667	48.168	on
2026-09-17 11:50	146.6	35.6	935.0	841.0	29.628	43.22422121666667	48.168	on
2026-09-17 11:55	148.0	36.0	1348.0	845.0	29.628	48.22422121666667	48.168	on
2026-09-17 12:00	149.5	36.4	1687.0	926.0	29.628	53.22422121666667	48.168	on
2026-09-17 12:05	151.0	36.8	1646.0	991.0	29.628	58.22422121666667	48.168	on
2026-09-17 12:10	152.5	37.1	1313.0	1018.0	29.628	63.22422121666667	unknown	on
2026-09-17 12:15	154.0	37.5	813.0	1025.0	29.628	68.22422121666666	unknown	on
2026-09-17 12:20	155.5	37.8	442.0	1014.0	29.628	73.22422121666666	unknown	on
2026-09-17 12:25	157.0	38.1	269.0	980.0	29.628	78.22422121666666	unknown	on
2026-09-17 12:30	158.6	38.4	261.0	916.0	29.628	83.22422121666666	unknown	on
2026-09-17 12:35	160.1	38.7	296.0	793.0	29.628	88.22422121666666	unknown	off
2026-09-17 12:40	161.7	38.9	298.0	622.0	24.084	3.223726333333333	unknown	off
2026-09-17 12:45	163.3	39.1	261.0	442.0	24.084	8.223726333333333	unknown	off
2026-09-17 12:50	164.9	39.4	201.0	312.0	24.084	13.223726333333333	unknown	off
2026-09-17 12:55	166.5	39.5	210.0	259.0	24.084	18.22372633333333	unknown	off
2026-09-17 13:00	168.1	39.7	232.0	251.0	24.084	23.22372633333333	unknown	off
2026-09-17 13:05	169.7	39.9	249.0	249.0	24.084	28.22372633333333	unknown	off
2026-09-17 13:10	171.3	40.0	244.0	251.0	20.376	3.2238994333333335	unknown	off
2026-09-17 13:15	173.0	40.1	234.0	241.0	20.376	8.223899433333333	unknown	off
2026-09-17 13:20	174.6	40.2	221.0	224.0	20.376	13.223899433333335	unknown	off
2026-09-17 13:25	176.2	40.2	253.0	237.0	20.376	18.223899433333333	unknown	off
2026-09-17 13:30	177.9	40.3	311.0	257.0	20.376	23.223899433333333	unknown	off
2026-09-17 13:35	179.5	40.3	350.0	273.0	20.376	28.223899433333333	unknown	off
2026-09-17 13:40	181.1	40.3	400.0	300.0	24.084	3.2246494500000003	unknown	off
2026-09-17 13:45	182.8	40.3	433.0	325.0	24.084	8.22464945	unknown	off
2026-09-17 13:50	184.4	40.2	421.0	331.0	24.084	13.22464945	unknown	off
2026-09-17 13:55	186.0	40.1	313.0	324.0	24.084	18.22464945	unknown	off
2026-09-17 14:00	187.7	40.0	232.0	327.0	24.084	23.22464945	unknown	off
2026-09-17 14:05	189.3	39.9	213.0	328.0	24.084	28.22464945	unknown	off
2026-09-17 14:10	190.9	39.8	226.0	314.0	29.628	3.2248964	unknown	off
2026-09-17 14:15	192.5	39.6	241.0	301.0	29.628	8.2248964	unknown	off
2026-09-17 14:20	194.1	39.4	249.0	293.0	29.628	13.2248964	unknown	off
2026-09-17 14:25	195.7	39.2	249.0	262.0	29.628	18.2248964	unknown	off
2026-09-17 14:30	197.3	39.0	281.0	250.0	29.628	23.2248964	unknown	off
2026-09-17 14:35	198.9	38.8	388.0	282.0	29.628	28.2248964	unknown	off
2026-09-17 14:40	200.4	38.5	437.0	304.0	24.084	3.2243965333333335	unknown	off
2026-09-17 14:45	202.0	38.2	440.0	321.0	24.084	8.224396533333334	unknown	off
2026-09-17 14:50	203.5	37.9	435.0	357.0	24.084	13.224396533333334	unknown	off
2026-09-17 14:55	205.1	37.6	470.0	385.0	24.084	18.224396533333334	unknown	off
2026-09-17 15:00	206.6	37.3	498.0	408.0	24.084	23.224396533333334	unknown	off
2026-09-17 15:05	208.1	36.9	426.0	418.0	24.084	28.224396533333334	unknown	off
2026-09-17 15:10	209.6	36.6	414.0	440.0	31.5	3.223817883333333	unknown	off
2026-09-17 15:15	211.0	36.2	384.0	440.0	31.5	8.223817883333334	unknown	off
2026-09-17 15:20	212.5	35.8	444.0	436.0	31.5	13.223817883333334	unknown	off
2026-09-17 15:25	213.9	35.3	479.0	454.0	31.5	18.223817883333332	unknown	off
2026-09-17 15:30	215.4	34.9	486.0	455.0	31.5	23.223817883333332	unknown	off
2026-09-17 15:35	216.8	34.4	473.0	449.0	31.5	28.223817883333332	unknown	off
2026-09-17 15:40	218.2	34.0	420.0	436.0	25.92	3.2246496166666665	unknown	off
2026-09-17 15:45	219.6	33.5	444.0	438.0	25.92	8.224649616666666	unknown	off
2026-09-17 15:50	220.9	33.0	433.0	451.0	25.92	13.224649616666666	unknown	off
2026-09-17 15:55	222.3	32.5	483.0	459.0	25.92	18.224649616666667	unknown	off
2026-09-17 16:00	223.6	31.9	463.0	464.0	25.92	23.224649616666667	unknown	off
2026-09-17 16:05	225.0	31.4	403.0	437.0	25.92	28.224649616666667	unknown	off
2026-09-17 16:10	226.3	30.8	337.0	412.0	27.792	3.2245258333333333	unknown	off
2026-09-17 16:15	227.6	30.3	306.0	405.0	27.792	8.224525833333333	unknown	off
2026-09-17 16:20	228.8	29.7	307.0	381.0	27.792	13.224525833333333	unknown	off
2026-09-17 16:25	230.1	29.1	268.0	363.0	27.792	18.224525833333335	unknown	off
2026-09-17 16:30	231.4	28.5	237.0	335.0	27.792	23.224525833333335	unknown	off
2026-09-17 16:35	232.6	27.9	224.0	309.0	27.792	28.224525833333335	unknown	off
2026-09-17 16:40	233.8	27.3	310.0	305.0	27.792	33.22452583333333	unknown	off
2026-09-17 16:45	235.0	26.7	378.0	306.0	27.792	38.22452583333334	unknown	off
2026-09-17 16:50	236.2	26.0	404.0	311.0	27.792	43.22452583333334	unknown	off
2026-09-17 16:55	237.4	25.4	337.0	306.0	27.792	48.22452583333334	unknown	off
2026-09-17 17:00	238.6	24.7	260.0	292.0	27.792	53.22452583333334	unknown	off
2026-09-17 17:05	239.7	24.1	235.0	288.0	27.792	58.22452583333334	unknown	on
2026-09-17 17:10	240.9	23.4	201.0	285.0	35.172	3.2254043666666665	unknown	on
2026-09-17 17:15	242.0	22.7	196.0	279.0	35.172	8.225404366666668	unknown	on
2026-09-17 17:20	243.2	22.0	199.0	278.0	35.172	13.225404366666668	unknown	on
2026-09-17 17:25	244.3	21.3	225.0	254.0	35.172	18.225404366666666	unknown	on
2026-09-17 17:30	245.4	20.6	286.0	246.0	35.172	23.225404366666666	unknown	on
2026-09-17 17:35	246.5	19.9	298.0	244.0	35.172	28.225404366666666	unknown	on
2026-09-17 17:40	247.6	19.2	306.0	244.0	31.5	3.2250466166666665	unknown	on
2026-09-17 17:45	248.7	18.5	261.0	249.0	31.5	8.225046616666667	unknown	on
2026-09-17 17:50	249.7	17.8	266.0	254.0	31.5	13.225046616666667	unknown	off
2026-09-17 17:55	250.8	17.0	277.0	269.0	31.5	18.225046616666667	unknown	off
2026-09-17 18:00	251.9	16.3	328.0	294.0	31.5	23.225046616666667	unknown	off
2026-09-17 18:05	252.9	15.6	296.0	287.0	31.5	28.225046616666667	unknown	off
2026-09-17 18:10	253.9	14.8	285.0	290.0	27.792	3.22427315	unknown	off
2026-09-17 18:15	255.0	14.1	297.0	295.0	27.792	8.22427315	unknown	on
2026-09-17 18:20	256.0	13.3	339.0	300.0	27.792	13.224273149999998	unknown	on
2026-09-17 18:25	257.0	12.6	343.0	304.0	27.792	18.22427315	unknown	on
2026-09-17 18:30	258.1	11.8	318.0	314.0	27.792	23.22427315	unknown	off
2026-09-17 18:35	259.1	11.1	313.0	314.0	27.792	28.22427315	unknown	on
2026-09-17 18:40	260.1	10.3	290.0	307.0	25.92	3.22410475	44.46	on
2026-09-17 18:45	261.1	9.5	224.0	281.0	25.92	8.22410475	44.46	on
2026-09-17 18:50	262.1	8.8	221.0	289.0	25.92	13.22410475	44.46	off
2026-09-17 18:55	263.1	8.0	164.0	267.0	25.92	18.22410475	44.46	off
2026-09-17 19:00	264.1	7.2	130.0	225.0	25.92	23.22410475	44.46	off
2026-09-17 19:05	265.1	6.5	53.0	195.0	25.92	28.22410475	44.46	off
2026-09-17 19:10	266.1	5.7	39.0	165.0	22.212	3.2240156	unknown	off
2026-09-17 19:15	267.0	4.9	40.0	131.0	22.212	8.2240156	unknown	off
2026-09-17 19:20	268.0	4.2	39.0	104.0	22.212	13.2240156	unknown	off
2026-09-17 19:25	269.0	3.4	27.0	76.0	22.212	18.224015599999998	unknown	off
2026-09-17 19:30	270.0	2.6	16.0	61.0	22.212	23.224015599999998	unknown	off
2026-09-17 19:35	271.0	1.8	7.0	33.0	22.212	28.224015599999998	unknown	off
2026-09-17 19:40	272.0	1.1	2.0	23.0	22.212	33.2240156	unknown	off
2026-09-17 19:45	272.9	0.3	0.0	19.0	22.212	38.2240156	unknown	off
2026-09-17 19:50	273.9	-0.5	0.0	16.0	22.212	43.2240156	unknown	off
2026-09-17 19:55	274.9	-1.3	0.0	10.0	22.212	48.2240156	unknown	off
2026-09-17 20:00	275.9	-2.0	0.0	5.0	22.212	53.2240156	unknown	off
2026-09-17 20:05	276.9	-2.8	0.0	2.0	22.212	58.2240156	unknown	off
2026-09-17 20:10	277.9	-3.6	0.0	1.0	22.212	63.2240156	unknown	off
2026-09-17 20:15	278.9	-4.3	0.0	0.0	22.212	68.2240156	unknown	off
2026-09-17 20:20	279.8	-5.1	0.0	0.0	22.212	73.2240156	unknown	off
2026-09-17 20:25	280.8	-5.8	0.0	0.0	22.212	78.2240156	unknown	off
2026-09-17 20:30	281.8	-6.6	0.0	0.0	22.212	83.2240156	unknown	off
2026-09-17 20:35	282.8	-7.4	0.0	0.0	22.212	88.2240156	unknown	off
2026-09-17 20:40	283.9	-8.1	0.0	0.0	24.084	3.22515695	unknown	off
2026-09-17 20:45	284.9	-8.9	0.0	0.0	24.084	8.22515695	unknown	off
2026-09-17 20:50	285.9	-9.6	0.0	0.0	24.084	13.22515695	unknown	off
2026-09-17 20:55	286.9	-10.3	0.0	0.0	24.084	18.22515695	unknown	off
2026-09-17 21:00	287.9	-11.1	0.0	0.0	24.084	23.22515695	unknown	off
2026-09-17 21:05	289.0	-11.8	0.0	0.0	24.084	28.22515695	unknown	off
2026-09-17 21:10	290.0	-12.5	0.0	0.0	16.668	3.2249328166666666	unknown	off
2026-09-17 21:15	291.0	-13.3	0.0	0.0	16.668	8.224932816666668	unknown	off
2026-09-17 21:20	292.1	-14.0	0.0	0.0	16.668	13.224932816666666	unknown	off
2026-09-17 21:25	293.2	-14.7	0.0	0.0	16.668	18.22493281666667	unknown	off
2026-09-17 21:30	294.2	-15.4	0.0	0.0	16.668	23.22493281666667	unknown	off
2026-09-17 21:35	295.3	-16.1	0.0	0.0	16.668	28.22493281666667	unknown	off
2026-09-17 21:40	296.4	-16.8	0.0	0.0	12.96	3.2245006166666665	unknown	off
2026-09-17 21:45	297.5	-17.5	0.0	0.0	12.96	8.224500616666667	unknown	off
2026-09-17 21:50	298.6	-18.2	0.0	0.0	12.96	13.224500616666667	unknown	off
2026-09-17 21:55	299.7	-18.9	0.0	0.0	12.96	18.224500616666667	unknown	off
2026-09-17 22:00	300.8	-19.5	0.0	0.0	12.96	23.224500616666667	unknown	off
2026-09-17 22:05	301.9	-20.2	0.0	0.0	12.96	28.224500616666667	unknown	off
2026-09-17 22:10	303.1	-20.8	0.0	0.0	12.96	33.22450061666667	unknown	off
2026-09-17 22:15	304.2	-21.5	0.0	0.0	12.96	38.22450061666667	unknown	off
2026-09-17 22:20	305.4	-22.1	0.0	0.0	12.96	43.22450061666667	unknown	off
2026-09-17 22:25	306.5	-22.7	0.0	0.0	12.96	48.22450061666667	unknown	off
2026-09-17 22:30	307.7	-23.4	0.0	0.0	12.96	53.22450061666667	unknown	off
2026-09-17 22:35	308.9	-24.0	0.0	0.0	12.96	58.22450061666667	unknown	off
2026-09-17 22:40	310.1	-24.6	0.0	0.0	11.124	3.2246514666666664	unknown	off
2026-09-17 22:45	311.3	-25.2	0.0	0.0	11.124	8.224651466666666	unknown	off
2026-09-17 22:50	312.6	-25.7	0.0	0.0	11.124	13.224651466666668	unknown	off
2026-09-17 22:55	313.8	-26.3	0.0	0.0	11.124	18.224651466666668	unknown	off
2026-09-17 23:00	315.0	-26.8	0.0	0.0	11.124	23.224651466666668	unknown	off
2026-09-17 23:05	316.3	-27.4	0.0	0.0	11.124	28.224651466666668	unknown	off
2026-09-17 23:10	317.6	-27.9	0.0	0.0	11.124	33.224651466666664	unknown	off
2026-09-17 23:15	318.9	-28.4	0.0	0.0	11.124	38.224651466666664	unknown	off
2026-09-17 23:20	320.2	-28.9	0.0	0.0	11.124	43.224651466666664	unknown	off
2026-09-17 23:25	321.5	-29.4	0.0	0.0	11.124	48.224651466666664	unknown	off
2026-09-17 23:30	322.8	-29.9	0.0	0.0	11.124	53.224651466666664	unknown	off
2026-09-17 23:35	324.2	-30.4	0.0	0.0	11.124	58.224651466666664	unknown	off
2026-09-17 23:40	325.5	-30.8	0.0	0.0	3.204	3.2247132833333336	8.064	off
2026-09-17 23:45	326.9	-31.2	0.0	0.0	3.204	8.224713283333333	8.064	off
2026-09-17 23:50	328.3	-31.6	0.0	0.0	12.96	3.225012116666667	unknown	off
2026-09-17 23:55	329.7	-32.0	0.0	0.0	12.96	8.225012116666667	unknown	off
2026-09-18 00:00	331.1	-32.4	0.0	0.0	12.96	0.0	unknown	off
2026-09-18 00:05	332.5	-32.8	0.0	0.0	12.96	5.0	unknown	off
2026-09-18 00:10	333.9	-33.1	0.0	0.0	12.96	10.0	unknown	off
2026-09-18 00:15	335.4	-33.5	0.0	0.0	12.96	15.0	unknown	off
2026-09-18 00:20	336.8	-33.8	0.0	0.0	12.96	20.0	unknown	off
2026-09-18 00:25	338.3	-34.1	0.0	0.0	12.96	25.0	unknown	off
2026-09-18 00:30	339.8	-34.4	0.0	0.0	12.96	30.0	unknown	off
2026-09-18 00:35	341.2	-34.6	0.0	0.0	12.96	35.0	unknown	off
2026-09-18 00:40	342.7	-34.9	0.0	0.0	11.124	3.224944933333333	unknown	off
2026-09-18 00:45	344.2	-35.1	0.0	0.0	11.124	8.224944933333333	unknown	off
2026-09-18 00:50	345.8	-35.3	0.0	0.0	11.124	13.224944933333335	unknown	off
2026-09-18 00:55	347.3	-35.5	0.0	0.0	11.124	18.224944933333333	unknown	off
2026-09-18 01:00	348.8	-35.6	0.0	0.0	11.124	23.224944933333333	unknown	off
2026-09-18 01:05	350.3	-35.8	0.0	0.0	11.124	28.224944933333333	unknown	off
2026-09-18 01:10	351.9	-35.9	0.0	0.0	5.544	3.2251261666666666	unknown	off
2026-09-18 01:15	353.4	-36.0	0.0	0.0	5.544	8.225126166666666	unknown	off
2026-09-18 01:20	354.9	-36.1	0.0	0.0	5.544	13.225126166666666	unknown	off
2026-09-18 01:25	356.5	-36.1	0.0	0.0	5.544	18.225126166666666	unknown	off
2026-09-18 01:30	358.0	-36.2	0.0	0.0	5.544	23.225126166666666	unknown	off
2026-09-18 01:35	359.6	-36.2	0.0	0.0	5.544	28.225126166666666	unknown	off
2026-09-18 01:40	1.1	-36.2	0.0	0.0	9.252	3.22465845	unknown	off
2026-09-18 01:45	2.7	-36.2	0.0	0.0	9.252	8.22465845	unknown	off
2026-09-18 01:50	4.2	-36.1	0.0	0.0	9.252	13.22465845	unknown	off
2026-09-18 01:55	5.8	-36.1	0.0	0.0	9.252	18.22465845	unknown	off
2026-09-18 02:00	7.3	-36.0	0.0	0.0	9.252	23.22465845	unknown	off
2026-09-18 02:05	8.8	-35.9	0.0	0.0	9.252	28.22465845	unknown	off
2026-09-18 02:10	10.4	-35.7	0.0	0.0	9.252	33.22465845	unknown	off
2026-09-18 02:15	11.9	-35.6	0.0	0.0	9.252	38.22465845	unknown	off
2026-09-18 02:20	13.4	-35.4	0.0	0.0	9.252	43.22465845	unknown	off
2026-09-18 02:25	14.9	-35.2	0.0	0.0	9.252	48.22465845	unknown	off
2026-09-18 02:30	16.4	-35.0	0.0	0.0	9.252	53.22465845	unknown	off
2026-09-18 02:35	17.9	-34.8	0.0	0.0	9.252	58.22465845	unknown	off
2026-09-18 02:40	19.4	-34.5	0.0	0.0	5.544	3.2250115	unknown	off
2026-09-18 02:45	20.9	-34.3	0.0	0.0	5.544	8.2250115	unknown	off
2026-09-18 02:50	22.4	-34.0	0.0	0.0	5.544	13.225011499999999	unknown	off
2026-09-18 02:55	23.8	-33.7	0.0	0.0	5.544	18.2250115	unknown	off
2026-09-18 03:00	25.3	-33.4	0.0	0.0	5.544	23.2250115	unknown	off
2026-09-18 03:05	26.7	-33.0	0.0	0.0	5.544	28.2250115	unknown	off
2026-09-18 03:10	28.2	-32.7	0.0	0.0	7.416	3.2246855	unknown	off
2026-09-18 03:15	29.6	-32.3	0.0	0.0	7.416	8.2246855	unknown	off
2026-09-18 03:20	31.0	-31.9	0.0	0.0	7.416	13.2246855	unknown	off
2026-09-18 03:25	32.4	-31.5	0.0	0.0	7.416	18.2246855	unknown	off
2026-09-18 03:30	33.7	-31.1	0.0	0.0	7.416	23.2246855	unknown	off
2026-09-18 03:35	35.1	-30.7	0.0	0.0	7.416	28.2246855	unknown	off
2026-09-18 03:40	36.5	-30.2	0.0	0.0	5.544	3.2246282500000003	unknown	off
2026-09-18 03:45	37.8	-29.8	0.0	0.0	5.544	8.22462825	unknown	off
2026-09-18 03:50	39.1	-29.3	0.0	0.0	5.544	13.22462825	unknown	off
2026-09-18 03:55	40.4	-28.8	0.0	0.0	5.544	18.224628250000002	unknown	off
2026-09-18 04:00	41.7	-28.3	0.0	0.0	5.544	23.224628250000002	unknown	off
2026-09-18 04:05	43.0	-27.8	0.0	0.0	5.544	28.224628250000002	unknown	off
2026-09-18 04:10	44.3	-27.2	0.0	0.0	7.416	3.2249020333333336	unknown	off
2026-09-18 04:15	45.6	-26.7	0.0	0.0	7.416	8.224902033333333	unknown	off
2026-09-18 04:20	46.8	-26.1	0.0	0.0	7.416	13.224902033333333	unknown	off
2026-09-18 04:25	48.0	-25.6	0.0	0.0	7.416	18.224902033333333	unknown	off
2026-09-18 04:30	49.3	-25.0	0.0	0.0	7.416	23.224902033333333	unknown	off
2026-09-18 04:35	50.5	-24.4	0.0	0.0	7.416	28.224902033333333	unknown	off
2026-09-18 04:40	51.7	-23.8	0.0	0.0	7.416	33.224902033333336	unknown	off
2026-09-18 04:45	52.9	-23.2	0.0	0.0	7.416	38.224902033333336	unknown	off
2026-09-18 04:50	54.0	-22.6	0.0	0.0	7.416	43.224902033333336	unknown	off
2026-09-18 04:55	55.2	-21.9	0.0	0.0	7.416	48.224902033333336	unknown	off
2026-09-18 05:00	56.4	-21.3	0.0	0.0	7.416	53.224902033333336	unknown	off
2026-09-18 05:05	57.5	-20.6	0.0	0.0	7.416	58.224902033333336	unknown	off
2026-09-18 05:10	58.7	-20.0	0.0	0.0	7.416	63.224902033333336	unknown	off
2026-09-18 05:15	59.8	-19.3	0.0	0.0	7.416	68.22490203333334	unknown	off
2026-09-18 05:20	60.9	-18.7	0.0	0.0	7.416	73.22490203333334	unknown	off
2026-09-18 05:25	62.0	-18.0	0.0	0.0	7.416	78.22490203333334	unknown	off
2026-09-18 05:30	63.1	-17.3	0.0	0.0	7.416	83.22490203333334	unknown	off
2026-09-18 05:35	64.2	-16.6	0.0	0.0	7.416	88.22490203333334	unknown	off
2026-09-18 05:40	65.3	-15.9	0.0	0.0	9.252	3.2248245	unknown	off
2026-09-18 05:45	66.3	-15.2	0.0	0.0	9.252	8.2248245	unknown	off
2026-09-18 05:50	67.4	-14.5	0.0	0.0	9.252	13.2248245	unknown	off
2026-09-18 05:55	68.5	-13.8	0.0	0.0	9.252	18.2248245	unknown	off
2026-09-18 06:00	69.5	-13.1	0.0	0.0	9.252	23.2248245	unknown	off
2026-09-18 06:05	70.6	-12.3	0.0	0.0	9.252	28.2248245	unknown	off
2026-09-18 06:10	71.6	-11.6	0.0	0.0	9.252	33.2248245	unknown	off
2026-09-18 06:15	72.6	-10.9	0.0	0.0	9.252	38.2248245	unknown	off
2026-09-18 06:20	73.6	-10.1	0.0	0.0	9.252	43.2248245	unknown	off
2026-09-18 06:25	74.7	-9.4	0.0	0.0	9.252	48.2248245	unknown	off
2026-09-18 06:30	75.7	-8.6	0.0	0.0	9.252	53.2248245	unknown	off
2026-09-18 06:35	76.7	-7.9	0.0	0.0	9.252	58.2248245	unknown	off
2026-09-18 06:40	77.7	-7.1	0.0	0.0	9.252	63.2248245	unknown	off
2026-09-18 06:45	78.7	-6.4	0.0	0.0	9.252	68.2248245	unknown	off
2026-09-18 06:50	79.7	-5.6	0.0	0.0	9.252	73.22482450000001	unknown	off
2026-09-18 06:55	80.7	-4.9	0.0	0.0	9.252	78.22482450000001	unknown	off
2026-09-18 07:00	81.7	-4.1	0.0	0.0	9.252	83.22482450000001	unknown	off
2026-09-18 07:05	82.7	-3.4	0.0	0.0	9.252	88.22482450000001	unknown	off
2026-09-18 07:10	83.7	-2.6	0.0	0.0	11.124	3.2246375666666665	unknown	off
2026-09-18 07:15	84.7	-1.8	0.0	0.0	11.124	8.224637566666667	unknown	off
2026-09-18 07:20	85.6	-1.0	0.0	0.0	11.124	13.224637566666667	unknown	off
2026-09-18 07:25	86.6	-0.3	0.0	0.0	11.124	18.22463756666667	unknown	off
2026-09-18 07:30	87.6	0.5	0.0	0.0	11.124	23.22463756666667	unknown	off
2026-09-18 07:35	88.6	1.3	0.0	0.0	11.124	28.22463756666667	unknown	off
2026-09-18 07:40	89.6	2.0	0.0	0.0	9.252	3.223843516666667	unknown	off
2026-09-18 07:45	90.6	2.8	0.0	0.0	9.252	8.223843516666667	unknown	off
2026-09-18 07:50	91.6	3.6	0.0	0.0	9.252	13.223843516666667	unknown	off
2026-09-18 07:55	92.5	4.3	0.0	0.0	9.252	18.223843516666665	unknown	off
2026-09-18 08:00	93.5	5.1	0.0	0.0	9.252	23.223843516666665	unknown	on
2026-09-18 08:05	94.5	5.9	0.0	0.0	9.252	28.223843516666665	unknown	on
2026-09-18 08:10	95.5	6.7	16.0	5.0	9.252	33.22384351666667	unknown	on
2026-09-18 08:15	96.5	7.4	50.0	16.0	9.252	38.22384351666667	unknown	on
2026-09-18 08:20	97.5	8.2	97.0	32.0	9.252	43.22384351666667	unknown	on
2026-09-18 08:25	98.5	8.9	152.0	56.0	9.252	48.22384351666667	unknown	on
2026-09-18 08:30	99.5	9.7	187.0	78.0	9.252	53.22384351666667	unknown	on
2026-09-18 08:35	100.5	10.5	238.0	111.0	9.252	58.22384351666667	unknown	on
2026-09-18 08:40	101.5	11.2	278.0	148.0	9.252	63.22384351666667	unknown	on
2026-09-18 08:45	102.5	12.0	343.0	193.0	9.252	68.22384351666668	unknown	on
2026-09-18 08:50	103.6	12.7	503.0	279.0	9.252	73.22384351666666	unknown	on
2026-09-18 08:55	104.6	13.5	524.0	316.0	9.252	78.22384351666666	unknown	on
2026-09-18 09:00	105.6	14.2	430.0	323.0	9.252	83.22384351666666	unknown	on
2026-09-18 09:05	106.7	15.0	235.0	329.0	9.252	88.22384351666666	unknown	on
2026-09-18 09:10	107.7	15.7	180.0	325.0	11.124	3.2248148999999997	unknown	on
2026-09-18 09:15	108.8	16.4	302.0	360.0	11.124	8.2248149	unknown	on
2026-09-18 09:20	109.8	17.2	571.0	436.0	11.124	13.2248149	unknown	on
2026-09-18 09:25	110.9	17.9	830.0	509.0	11.124	18.224814900000002	unknown	off
2026-09-18 09:30	112.0	18.6	1022.0	583.0	11.124	23.224814900000002	unknown	on
2026-09-18 09:35	113.1	19.3	1040.0	615.0	11.124	28.224814900000002	unknown	on
2026-09-18 09:40	114.2	20.0	1131.0	716.0	12.96	3.2253232	unknown	on
2026-09-18 09:45	115.3	20.7	1170.0	835.0	12.96	8.2253232	unknown	on
2026-09-18 09:50	116.4	21.4	1274.0	966.0	12.96	13.2253232	unknown	on
2026-09-18 09:55	117.5	22.1	1341.0	1101.0	12.96	18.2253232	unknown	on
2026-09-18 10:00	118.6	22.8	1434.0	1209.0	12.96	23.2253232	unknown	off
2026-09-18 10:05	119.8	23.5	1440.0	1253.0	12.96	28.2253232	unknown	on
2026-09-18 10:10	120.9	24.1	1530.0	1334.0	14.832	3.2248305333333334	unknown	on
2026-09-18 10:15	122.1	24.8	1610.0	1405.0	14.832	8.224830533333334	unknown	on
2026-09-18 10:20	123.3	25.4	1772.0	1496.0	14.832	13.224830533333334	unknown	on
2026-09-18 10:25	124.5	26.1	1879.0	1583.0	14.832	18.224830533333332	unknown	off
2026-09-18 10:30	125.7	26.7	1973.0	1672.0	14.832	23.224830533333332	unknown	off
2026-09-18 10:35	126.9	27.3	2019.0	1746.0	14.832	28.224830533333332	unknown	off
2026-09-18 10:40	128.1	27.9	2131.0	1847.0	14.832	33.22483053333333	unknown	off
2026-09-18 10:45	129.4	28.5	2264.0	1948.0	14.832	38.22483053333334	unknown	off
2026-09-18 10:50	130.6	29.1	2062.0	1955.0	14.832	43.22483053333334	unknown	off
2026-09-18 10:55	131.9	29.7	1391.0	1811.0	14.832	48.22483053333334	unknown	off
2026-09-18 11:00	133.2	30.3	894.0	1722.0	14.832	53.22483053333334	unknown	off
2026-09-18 11:05	134.5	30.8	1187.0	1747.0	14.832	58.22483053333334	unknown	on
2026-09-18 11:10	135.8	31.4	1606.0	1704.0	16.668	3.2246159166666666	unknown	on
2026-09-18 11:15	137.1	31.9	1380.0	1529.0	16.668	8.224615916666666	unknown	on
2026-09-18 11:20	138.5	32.4	879.0	1366.0	16.668	13.224615916666666	unknown	on
2026-09-18 11:25	139.8	32.9	878.0	1274.0	16.668	18.224615916666668	unknown	on
2026-09-18 11:30	141.2	33.4	1460.0	1244.0	16.668	23.224615916666668	unknown	on
2026-09-18 11:35	142.6	33.9	1963.0	1337.0	16.668	28.224615916666668	unknown	on
2026-09-18 11:40	144.0	34.3	2087.0	1522.0	20.376	3.2250360666666666	unknown	on
2026-09-18 11:45	145.4	34.8	2246.0	1687.0	20.376	8.225036066666666	unknown	on
2026-09-18 11:50	146.8	35.2	1950.0	1591.0	20.376	13.225036066666666	unknown	on
2026-09-18 11:55	148.3	35.6	1459.0	1490.0	20.376	18.225036066666668	unknown	on
2026-09-18 12:00	149.7	36.0	759.0	1496.0	20.376	23.225036066666668	unknown	on
2026-09-18 12:05	151.2	36.4	596.0	1499.0	20.376	28.225036066666668	unknown	on
2026-09-18 12:10	152.7	36.8	590.0	1377.0	20.376	33.22503606666667	unknown	on
2026-09-18 12:15	154.2	37.1	662.0	1218.0	20.376	38.22503606666667	unknown	on
2026-09-18 12:20	155.7	37.4	844.0	1121.0	20.376	43.22503606666667	unknown	on
2026-09-18 12:25	157.3	37.7	1192.0	1069.0	20.376	48.22503606666667	unknown	on
2026-09-18 12:30	158.8	38.0	1512.0	972.0	6.444	3.223803316666667	17.712	on
2026-09-18 12:35	160.4	38.3	1440.0	964.0	6.444	8.223803316666666	17.712	on
2026-09-18 12:40	161.9	38.5	1161.0	983.0	20.376	3.2244270166666666	unknown	on
2026-09-18 12:45	163.5	38.8	913.0	1033.0	20.376	8.224427016666667	unknown	on
2026-09-18 12:50	165.1	39.0	994.0	1095.0	20.376	13.224427016666668	unknown	on
2026-09-18 12:55	166.7	39.2	1227.0	1193.0	20.376	18.224427016666667	unknown	on
2026-09-18 13:00	168.3	39.3	1688.0	1370.0	20.376	23.224427016666667	unknown	off
2026-09-18 13:05	169.9	39.5	1902.0	1437.0	20.376	28.224427016666667	unknown	off
2026-09-18 13:10	171.5	39.6	1686.0	1354.0	18.504	3.2252869166666667	unknown	off
2026-09-18 13:15	173.1	39.7	1864.0	1496.0	18.504	8.225286916666667	unknown	off
2026-09-18 13:20	174.7	39.8	2247.0	1701.0	18.504	13.225286916666667	unknown	off
2026-09-18 13:25	176.4	39.8	2840.0	1899.0	18.504	18.22528691666667	unknown	off
2026-09-18 13:30	178.0	39.9	2916.0	2177.0	18.504	23.22528691666667	unknown	on
2026-09-18 13:35	179.6	39.9	3219.0	2424.0	18.504	28.22528691666667	unknown	on
2026-09-18 13:40	181.2	39.9	3089.0	2526.0	22.212	3.2251591333333334	unknown	on
2026-09-18 13:45	182.9	39.9	2599.0	2485.0	22.212	8.225159133333333	unknown	off
2026-09-18 13:50	184.5	39.8	2313.0	2586.0	22.212	13.225159133333333	unknown	off
2026-09-18 13:55	186.1	39.7	2743.0	2901.0	22.212	18.22515913333333	unknown	on
2026-09-18 14:00	187.7	39.6	2627.0	2704.0	22.212	23.22515913333333	unknown	on
2026-09-18 14:05	189.4	39.5	2005.0	2536.0	22.212	28.22515913333333	unknown	on
2026-09-18 14:10	191.0	39.4	1535.0	2452.0	27.792	3.2243069833333333	unknown	off
2026-09-18 14:15	192.6	39.2	1754.0	2292.0	27.792	8.224306983333333	unknown	off
2026-09-18 14:20	194.2	39.1	2276.0	2199.0	27.792	13.224306983333333	unknown	off
2026-09-18 14:25	195.7	38.9	1974.0	2089.0	27.792	18.224306983333335	unknown	off
2026-09-18 14:30	197.3	38.6	1543.0	1954.0	27.792	23.224306983333335	unknown	off
2026-09-18 14:35	198.9	38.4	1591.0	1947.0	27.792	28.224306983333335	unknown	off
2026-09-18 14:40	200.4	38.1	1972.0	1831.0	22.212	3.224615716666667	unknown	off
2026-09-18 14:45	202.0	37.8	2658.0	1966.0	22.212	8.224615716666667	unknown	off
2026-09-18 14:50	203.5	37.5	2306.0	2063.0	22.212	13.224615716666667	unknown	off
2026-09-18 14:55	205.0	37.2	2040.0	1983.0	22.212	18.224615716666666	unknown	off
2026-09-18 15:00	206.6	36.9	1589.0	1931.0	22.212	23.224615716666666	unknown	off
2026-09-18 15:05	208.0	36.5	1371.0	1773.0	22.212	28.224615716666666	unknown	off
2026-09-18 15:10	209.5	36.2	1140.0	1716.0	27.792	3.224936516666667	unknown	off
2026-09-18 15:15	211.0	35.8	916.0	1730.0	27.792	8.224936516666666	unknown	off
2026-09-18 15:20	212.4	35.4	679.0	1461.0	27.792	13.224936516666666	unknown	off
2026-09-18 15:25	213.9	34.9	673.0	1275.0	27.792	18.224936516666666	unknown	off
2026-09-18 15:30	215.3	34.5	892.0	1126.0	27.792	23.224936516666666	unknown	off
2026-09-18 15:35	216.7	34.0	1227.0	1085.0	27.792	28.224936516666666	unknown	off
2026-09-18 15:40	218.1	33.6	1671.0	1153.0	25.92	3.2250564666666666	unknown	off
2026-09-18 15:45	219.5	33.1	1565.0	1127.0	25.92	8.225056466666667	unknown	off
2026-09-18 15:50	220.9	32.6	1870.0	1250.0	11.268	3.224966883333333	20.916	off
2026-09-18 15:55	222.2	32.1	1828.0	1394.0	11.268	8.224966883333334	20.916	off
2026-09-18 16:00	223.5	31.6	2470.0	1638.0	12.888	3.2250379	35.388	off
2026-09-18 16:05	224.9	31.0	2044.0	1723.0	12.888	8.2250379	35.388	off
2026-09-18 16:10	226.2	30.5	2053.0	1872.0	24.084	3.224214283333333	unknown	off
2026-09-18 16:15	227.4	29.9	2020.0	2007.0	24.084	8.224214283333334	unknown	off
2026-09-18 16:20	228.7	29.3	2545.0	2148.0	24.084	13.224214283333334	unknown	off
2026-09-18 16:25	230.0	28.7	2485.0	2141.0	24.084	18.224214283333332	unknown	off
2026-09-18 16:30	231.2	28.1	1965.0	2158.0	24.084	23.224214283333332	unknown	off
2026-09-18 16:35	232.5	27.5	1681.0	2084.0	24.084	28.224214283333332	unknown	off
2026-09-18 16:40	233.7	26.9	1548.0	2027.0	29.628	3.22435405	unknown	off
2026-09-18 16:45	234.9	26.3	1932.0	1987.0	29.628	8.22435405	unknown	off
2026-09-18 16:50	236.1	25.6	2125.0	2112.0	29.628	13.224354049999999	unknown	off
2026-09-18 16:55	237.3	25.0	2088.0	2039.0	29.628	18.22435405	unknown	off
2026-09-18 17:00	238.4	24.3	1570.0	1836.0	29.628	23.22435405	unknown	off
2026-09-18 17:05	239.6	23.7	1201.0	1664.0	29.628	28.22435405	unknown	off
2026-09-18 17:10	240.8	23.0	1168.0	1616.0	11.268	3.2252671166666667	27.36	off
2026-09-18 17:15	241.9	22.3	1384.0	1626.0	11.268	8.225267116666666	27.36	off
2026-09-18 17:20	243.0	21.6	1499.0	1609.0	9.648	3.225019516666667	24.156	off
2026-09-18 17:25	244.1	21.0	1442.0	1570.0	9.648	8.225019516666666	24.156	off
2026-09-18 17:30	245.2	20.3	1426.0	1455.0	9.648	13.225019516666666	20.916	off
2026-09-18 17:35	246.3	19.5	1244.0	1315.0	9.648	18.22501951666667	20.916	on
2026-09-18 17:40	247.4	18.8	1192.0	1265.0	27.792	3.224132416666667	unknown	on
2026-09-18 17:45	248.5	18.1	1192.0	1345.0	27.792	8.224132416666667	unknown	on
2026-09-18 17:50	249.6	17.4	1160.0	1297.0	27.792	13.224132416666667	unknown	off
2026-09-18 17:55	250.6	16.7	884.0	1170.0	27.792	18.224132416666667	unknown	off
2026-09-18 18:00	251.7	15.9	551.0	1065.0	27.792	23.224132416666667	unknown	off
2026-09-18 18:05	252.7	15.2	606.0	995.0	27.792	28.224132416666667	unknown	off
2026-09-18 18:10	253.8	14.5	763.0	945.0	25.92	3.225031733333333	unknown	off
2026-09-18 18:15	254.8	13.7	815.0	853.0	25.92	8.225031733333333	unknown	off
2026-09-18 18:20	255.9	13.0	753.0	836.0	25.92	13.225031733333333	unknown	off
2026-09-18 18:25	256.9	12.2	672.0	767.0	25.92	18.22503173333333	unknown	off
2026-09-18 18:30	257.9	11.5	585.0	653.0	25.92	23.22503173333333	unknown	off
2026-09-18 18:35	258.9	10.7	466.0	614.0	25.92	28.22503173333333	unknown	off
2026-09-18 18:40	259.9	9.9	402.0	612.0	25.92	33.22503173333333	unknown	off
2026-09-18 18:45	260.9	9.2	377.0	593.0	25.92	38.22503173333334	unknown	off
2026-09-18 18:50	261.9	8.4	306.0	511.0	25.92	43.22503173333334	unknown	off
2026-09-18 18:55	262.9	7.7	252.0	443.0	25.92	48.22503173333334	unknown	off
2026-09-18 19:00	263.9	6.9	205.0	387.0	29.628	3.2243988000000003	unknown	off
2026-09-18 19:05	264.9	6.1	173.0	317.0	29.628	8.2243988	unknown	off
2026-09-18 19:10	265.9	5.3	136.0	264.0	25.92	3.224374966666667	unknown	off
2026-09-18 19:15	266.9	4.6	100.0	227.0	25.92	8.224374966666666	unknown	off
2026-09-18 19:20	267.9	3.8	79.0	186.0	25.92	13.224374966666666	unknown	off
2026-09-18 19:25	268.8	3.0	65.0	150.0	25.92	18.22437496666667	unknown	off
2026-09-18 19:30	269.8	2.3	52.0	119.0	25.92	23.22437496666667	unknown	off
2026-09-18 19:35	270.8	1.5	38.0	96.0	25.92	28.22437496666667	unknown	off
2026-09-18 19:40	271.8	0.7	22.0	74.0	18.504	3.2240778333333333	unknown	off
2026-09-18 19:45	272.8	-0.1	9.0	53.0	18.504	8.224077833333332	unknown	off
2026-09-18 19:50	273.8	-0.8	1.0	39.0	18.504	13.224077833333332	unknown	off
2026-09-18 19:55	274.7	-1.6	0.0	29.0	18.504	18.224077833333336	unknown	off
2026-09-18 20:00	275.7	-2.4	0.0	20.0	18.504	23.224077833333336	unknown	off
2026-09-18 20:05	276.7	-3.1	0.0	13.0	18.504	28.224077833333336	unknown	off
2026-09-18 20:10	277.7	-3.9	0.0	7.0	24.084	3.224655333333333	unknown	on
2026-09-18 20:15	278.7	-4.7	0.0	3.0	24.084	8.224655333333333	unknown	on
2026-09-18 20:20	279.7	-5.4	0.0	0.0	24.084	13.224655333333335	unknown	on
2026-09-18 20:25	280.7	-6.2	0.0	0.0	24.084	18.22465533333333	unknown	on
2026-09-18 20:30	281.7	-7.0	0.0	0.0	24.084	23.22465533333333	unknown	on
2026-09-18 20:35	282.7	-7.7	0.0	0.0	24.084	28.22465533333333	unknown	on
2026-09-18 20:40	283.7	-8.5	0.0	0.0	24.084	33.22465533333333	unknown	on
2026-09-18 20:45	284.7	-9.2	0.0	0.0	24.084	38.22465533333333	unknown	on
2026-09-18 20:50	285.7	-10.0	0.0	0.0	24.084	43.22465533333333	unknown	on
2026-09-18 20:55	286.7	-10.7	0.0	0.0	24.084	48.22465533333333	unknown	on
2026-09-18 21:00	287.8	-11.5	0.0	0.0	24.084	53.22465533333333	unknown	on
2026-09-18 21:05	288.8	-12.2	0.0	0.0	24.084	58.22465533333333	unknown	on
2026-09-18 21:10	289.8	-12.9	0.0	0.0	25.92	3.2241978500000004	unknown	on
2026-09-18 21:15	290.9	-13.6	0.0	0.0	25.92	8.22419785	unknown	on
2026-09-18 21:20	291.9	-14.4	0.0	0.0	25.92	13.22419785	unknown	on
2026-09-18 21:25	293.0	-15.1	0.0	0.0	25.92	18.22419785	unknown	on
2026-09-18 21:30	294.1	-15.8	0.0	0.0	25.92	23.22419785	unknown	on
2026-09-18 21:35	295.1	-16.5	0.0	0.0	25.92	28.22419785	unknown	on
2026-09-18 21:40	296.2	-17.2	0.0	0.0	25.92	33.22419785	unknown	on
2026-09-18 21:45	297.3	-17.9	0.0	0.0	25.92	38.22419785	unknown	on
2026-09-18 21:50	298.4	-18.6	0.0	0.0	25.92	43.22419785	unknown	on
2026-09-18 21:55	299.5	-19.2	0.0	0.0	25.92	48.22419785	unknown	on
2026-09-18 22:00	300.7	-19.9	0.0	0.0	25.92	53.22419785	unknown	on
2026-09-18 22:05	301.8	-20.6	0.0	0.0	25.92	58.22419785	unknown	on
2026-09-18 22:10	302.9	-21.2	0.0	0.0	27.792	3.22452495	unknown	on
2026-09-18 22:15	304.1	-21.9	0.0	0.0	27.792	8.22452495	unknown	on
2026-09-18 22:20	305.2	-22.5	0.0	0.0	27.792	13.22452495	unknown	on
2026-09-18 22:25	306.4	-23.1	0.0	0.0	27.792	18.22452495	unknown	on
2026-09-18 22:30	307.6	-23.7	0.0	0.0	27.792	23.22452495	unknown	on
2026-09-18 22:35	308.8	-24.4	0.0	0.0	27.792	28.22452495	unknown	off
2026-09-18 22:40	310.0	-25.0	0.0	0.0	27.792	33.22452495	unknown	off
2026-09-18 22:45	311.2	-25.5	0.0	0.0	27.792	38.22452495	unknown	off
2026-09-18 22:50	312.4	-26.1	0.0	0.0	27.792	43.22452495	unknown	off
2026-09-18 22:55	313.7	-26.7	0.0	0.0	27.792	48.22452495	unknown	off
2026-09-18 23:00	314.9	-27.2	0.0	0.0	27.792	53.22452495	unknown	off
2026-09-18 23:05	316.2	-27.8	0.0	0.0	27.792	58.22452495	unknown	off
2026-09-18 23:10	317.5	-28.3	0.0	0.0	22.212	3.2244965	unknown	off
2026-09-18 23:15	318.8	-28.8	0.0	0.0	22.212	8.224496499999999	unknown	off
2026-09-18 23:20	320.1	-29.3	0.0	0.0	22.212	13.224496499999999	unknown	off
2026-09-18 23:25	321.4	-29.8	0.0	0.0	22.212	18.2244965	unknown	off
2026-09-18 23:30	322.8	-30.3	0.0	0.0	22.212	23.2244965	unknown	off
2026-09-18 23:35	324.1	-30.8	0.0	0.0	22.212	28.2244965	unknown	off
2026-09-18 23:40	325.5	-31.2	0.0	0.0	22.212	33.2244965	unknown	off
2026-09-18 23:45	326.8	-31.6	0.0	0.0	22.212	38.2244965	unknown	off
2026-09-18 23:50	328.2	-32.0	0.0	0.0	22.212	43.2244965	unknown	off
2026-09-18 23:55	329.6	-32.4	0.0	0.0	22.212	48.2244965	unknown	off
2026-09-19 00:00	331.0	-32.8	0.0	0.0	22.212	0.0	unknown	off
2026-09-19 00:05	332.5	-33.2	0.0	0.0	22.212	5.0	unknown	off
2026-09-19 00:10	333.9	-33.5	0.0	0.0	22.212	10.0	unknown	off
2026-09-19 00:15	335.4	-33.9	0.0	0.0	22.212	15.0	unknown	off
2026-09-19 00:20	336.8	-34.2	0.0	0.0	22.212	20.0	unknown	off
2026-09-19 00:25	338.3	-34.5	0.0	0.0	22.212	25.0	unknown	off
2026-09-19 00:30	339.8	-34.8	0.0	0.0	22.212	30.0	unknown	off
2026-09-19 00:35	341.3	-35.0	0.0	0.0	22.212	35.0	unknown	off
2026-09-19 00:40	342.8	-35.3	0.0	0.0	20.376	3.2250905833333334	unknown	off
2026-09-19 00:45	344.3	-35.5	0.0	0.0	20.376	8.225090583333333	unknown	off
2026-09-19 00:50	345.8	-35.7	0.0	0.0	20.376	13.225090583333333	unknown	off
2026-09-19 00:55	347.3	-35.9	0.0	0.0	20.376	18.225090583333333	unknown	off
2026-09-19 01:00	348.8	-36.0	0.0	0.0	20.376	23.225090583333333	unknown	off
2026-09-19 01:05	350.4	-36.2	0.0	0.0	20.376	28.225090583333333	unknown	off
2026-09-19 01:10	351.9	-36.3	0.0	0.0	20.376	33.22509058333333	unknown	off
2026-09-19 01:15	353.5	-36.4	0.0	0.0	20.376	38.22509058333333	unknown	off
2026-09-19 01:20	355.0	-36.5	0.0	0.0	20.376	43.22509058333333	unknown	off
2026-09-19 01:25	356.6	-36.5	0.0	0.0	20.376	48.22509058333333	unknown	off
2026-09-19 01:30	358.1	-36.6	0.0	0.0	20.376	53.22509058333333	unknown	off
2026-09-19 01:35	359.7	-36.6	0.0	0.0	20.376	58.22509058333333	unknown	off
2026-09-19 01:40	1.2	-36.6	0.0	0.0	16.668	3.2248903500000003	unknown	off
2026-09-19 01:45	2.8	-36.5	0.0	0.0	16.668	8.22489035	unknown	off
2026-09-19 01:50	4.3	-36.5	0.0	0.0	16.668	13.22489035	unknown	off
2026-09-19 01:55	5.9	-36.4	0.0	0.0	16.668	18.22489035	unknown	off
2026-09-19 02:00	7.4	-36.3	0.0	0.0	16.668	23.22489035	unknown	off
2026-09-19 02:05	9.0	-36.2	0.0	0.0	16.668	28.22489035	unknown	off
2026-09-19 02:10	10.5	-36.1	0.0	0.0	20.376	3.2247925666666664	unknown	off
2026-09-19 02:15	12.1	-36.0	0.0	0.0	20.376	8.224792566666666	unknown	off
2026-09-19 02:20	13.6	-35.8	0.0	0.0	20.376	13.224792566666668	unknown	off
2026-09-19 02:25	15.1	-35.6	0.0	0.0	20.376	18.224792566666668	unknown	off
2026-09-19 02:30	16.6	-35.4	0.0	0.0	20.376	23.224792566666668	unknown	off
2026-09-19 02:35	18.1	-35.2	0.0	0.0	20.376	28.224792566666668	unknown	off
2026-09-19 02:40	19.6	-34.9	0.0	0.0	25.92	3.2244708333333336	unknown	off
2026-09-19 02:45	21.1	-34.6	0.0	0.0	25.92	8.224470833333333	unknown	off
2026-09-19 02:50	22.6	-34.4	0.0	0.0	25.92	13.224470833333333	unknown	off
2026-09-19 02:55	24.1	-34.0	0.0	0.0	25.92	18.22447083333333	unknown	off
2026-09-19 03:00	25.5	-33.7	0.0	0.0	25.92	23.22447083333333	unknown	off
2026-09-19 03:05	27.0	-33.4	0.0	0.0	25.92	28.22447083333333	unknown	off
2026-09-19 03:10	28.4	-33.0	0.0	0.0	24.084	3.224668	unknown	off
2026-09-19 03:15	29.8	-32.7	0.0	0.0	24.084	8.224668	unknown	off
2026-09-19 03:20	31.2	-32.3	0.0	0.0	24.084	13.224668000000001	unknown	off
2026-09-19 03:25	32.6	-31.9	0.0	0.0	24.084	18.224668	unknown	off
2026-09-19 03:30	34.0	-31.4	0.0	0.0	24.084	23.224668	unknown	off
2026-09-19 03:35	35.4	-31.0	0.0	0.0	24.084	28.224668	unknown	off
2026-09-19 03:40	36.7	-30.5	0.0	0.0	27.792	3.224597783333333	unknown	off
2026-09-19 03:45	38.1	-30.1	0.0	0.0	27.792	8.224597783333333	unknown	off
2026-09-19 03:50	39.4	-29.6	0.0	0.0	27.792	13.224597783333333	unknown	off
2026-09-19 03:55	40.7	-29.1	0.0	0.0	27.792	18.224597783333333	unknown	off
2026-09-19 04:00	42.0	-28.6	0.0	0.0	27.792	23.224597783333333	unknown	off
2026-09-19 04:05	43.3	-28.1	0.0	0.0	27.792	28.224597783333333	unknown	off
2026-09-19 04:10	44.6	-27.5	0.0	0.0	25.92	3.2244590833333335	unknown	off
2026-09-19 04:15	45.8	-27.0	0.0	0.0	25.92	8.224459083333333	unknown	off
2026-09-19 04:20	47.1	-26.4	0.0	0.0	25.92	13.224459083333333	unknown	off
2026-09-19 04:25	48.3	-25.9	0.0	0.0	25.92	18.224459083333333	unknown	off
2026-09-19 04:30	49.6	-25.3	0.0	0.0	25.92	23.224459083333333	unknown	off
2026-09-19 04:35	50.8	-24.7	0.0	0.0	25.92	28.224459083333333	unknown	off
2026-09-19 04:40	52.0	-24.1	0.0	0.0	24.084	3.2240857666666667	unknown	off
2026-09-19 04:45	53.2	-23.5	0.0	0.0	24.084	8.224085766666667	unknown	off
2026-09-19 04:50	54.3	-22.8	0.0	0.0	24.084	13.224085766666667	unknown	off
2026-09-19 04:55	55.5	-22.2	0.0	0.0	24.084	18.22408576666667	unknown	off
2026-09-19 05:00	56.7	-21.6	0.0	0.0	24.084	23.22408576666667	unknown	off
2026-09-19 05:05	57.8	-20.9	0.0	0.0	24.084	28.22408576666667	unknown	off
2026-09-19 05:10	59.0	-20.3	0.0	0.0	24.084	33.22408576666667	unknown	off
2026-09-19 05:15	60.1	-19.6	0.0	0.0	24.084	38.22408576666667	unknown	off
2026-09-19 05:20	61.2	-18.9	0.0	0.0	24.084	43.22408576666667	unknown	off
2026-09-19 05:25	62.3	-18.3	0.0	0.0	24.084	48.22408576666667	unknown	off
2026-09-19 05:30	63.4	-17.6	0.0	0.0	24.084	53.22408576666667	unknown	off
2026-09-19 05:35	64.5	-16.9	0.0	0.0	24.084	58.22408576666667	unknown	off
2026-09-19 05:40	65.6	-16.2	0.0	0.0	22.212	3.2249367	unknown	off
2026-09-19 05:45	66.6	-15.5	0.0	0.0	22.212	8.224936699999999	unknown	off
2026-09-19 05:50	67.7	-14.8	0.0	0.0	22.212	13.2249367	unknown	off
2026-09-19 05:55	68.8	-14.0	0.0	0.0	22.212	18.2249367	unknown	off
2026-09-19 06:00	69.8	-13.3	0.0	0.0	22.212	23.2249367	unknown	off
2026-09-19 06:05	70.9	-12.6	0.0	0.0	22.212	28.2249367	unknown	off
2026-09-19 06:10	71.9	-11.9	0.0	0.0	25.92	3.2246085166666663	unknown	off
2026-09-19 06:15	72.9	-11.1	0.0	0.0	25.92	8.224608516666667	unknown	off
2026-09-19 06:20	74.0	-10.4	0.0	0.0	25.92	13.224608516666667	unknown	off
2026-09-19 06:25	75.0	-9.7	0.0	0.0	25.92	18.224608516666667	unknown	off
2026-09-19 06:30	76.0	-8.9	0.0	0.0	25.92	23.224608516666667	unknown	off
2026-09-19 06:35	77.0	-8.2	0.0	0.0	25.92	28.224608516666667	unknown	off
2026-09-19 06:40	78.0	-7.4	0.0	0.0	22.212	3.2251610166666667	unknown	off
2026-09-19 06:45	79.0	-6.6	0.0	0.0	22.212	8.225161016666666	unknown	off
2026-09-19 06:50	80.0	-5.9	0.0	0.0	22.212	13.225161016666668	unknown	off
2026-09-19 06:55	81.0	-5.1	0.0	0.0	22.212	18.225161016666668	unknown	off
2026-09-19 07:00	82.0	-4.4	0.0	0.0	22.212	23.225161016666668	unknown	off
2026-09-19 07:05	83.0	-3.6	0.0	0.0	22.212	28.225161016666668	unknown	off
2026-09-19 07:10	84.0	-2.8	0.0	0.0	20.376	3.2251372666666667	unknown	off
2026-09-19 07:15	85.0	-2.1	0.0	0.0	20.376	8.225137266666668	unknown	off
2026-09-19 07:20	86.0	-1.3	0.0	0.0	20.376	13.225137266666668	unknown	off
2026-09-19 07:25	86.9	-0.5	0.0	0.0	20.376	18.225137266666664	unknown	off
2026-09-19 07:30	87.9	0.2	0.0	0.0	20.376	23.225137266666664	unknown	off
2026-09-19 07:35	88.9	1.0	0.0	0.0	20.376	28.225137266666664	unknown	off
2026-09-19 07:40	89.9	1.8	0.0	0.0	24.084	3.2248686333333336	unknown	off
2026-09-19 07:45	90.9	2.6	0.0	0.0	24.084	8.224868633333333	unknown	off
2026-09-19 07:50	91.9	3.3	0.0	0.0	24.084	13.224868633333333	unknown	off
2026-09-19 07:55	92.9	4.1	0.0	0.0	24.084	18.224868633333333	unknown	off
2026-09-19 08:00	93.8	4.9	0.0	0.0	24.084	23.224868633333333	unknown	off
2026-09-19 08:05	94.8	5.6	0.0	0.0	24.084	28.224868633333333	unknown	off
2026-09-19 08:10	95.8	6.4	0.0	0.0	27.792	3.225040583333333	unknown	off
2026-09-19 08:15	96.8	7.2	0.0	0.0	27.792	8.225040583333334	unknown	off
2026-09-19 08:20	97.8	7.9	0.0	0.0	27.792	13.225040583333334	unknown	off
2026-09-19 08:25	98.8	8.7	0.0	0.0	27.792	18.225040583333335	unknown	off
2026-09-19 08:30	99.8	9.5	0.0	0.0	27.792	23.225040583333335	unknown	off
2026-09-19 08:35	100.8	10.2	0.0	0.0	27.792	28.225040583333335	unknown	off
2026-09-19 08:40	101.8	11.0	3.0	1.0	31.5	3.2245210833333333	unknown	off
2026-09-19 08:45	102.9	11.7	27.0	9.0	31.5	8.224521083333334	unknown	off
2026-09-19 08:50	103.9	12.5	52.0	17.0	31.5	13.224521083333334	unknown	off
2026-09-19 08:55	104.9	13.2	70.0	25.0	31.5	18.224521083333332	unknown	off
2026-09-19 09:00	105.9	14.0	81.0	36.0	31.5	23.224521083333332	unknown	off
2026-09-19 09:05	107.0	14.7	80.0	44.0	31.5	28.224521083333332	unknown	off
2026-09-19 09:10	108.0	15.4	80.0	52.0	24.084	3.2252740833333333	unknown	off
2026-09-19 09:15	109.1	16.2	110.0	73.0	24.084	8.225274083333334	unknown	off
2026-09-19 09:20	110.1	16.9	175.0	101.0	24.084	13.225274083333334	unknown	off
2026-09-19 09:25	111.2	17.6	272.0	140.0	24.084	18.225274083333332	unknown	off
2026-09-19 09:30	112.3	18.3	325.0	172.0	24.084	23.225274083333332	unknown	off
2026-09-19 09:35	113.4	19.0	330.0	195.0	24.084	28.225274083333332	unknown	off
2026-09-19 09:40	114.5	19.7	296.0	217.0	27.792	3.2245462333333332	unknown	off
2026-09-19 09:45	115.6	20.4	269.0	235.0	27.792	8.224546233333333	unknown	off
2026-09-19 09:50	116.7	21.1	311.0	272.0	27.792	13.224546233333333	unknown	off
2026-09-19 09:55	117.8	21.8	440.0	337.0	27.792	18.224546233333335	unknown	off
2026-09-19 10:00	118.9	22.5	575.0	388.0	27.792	23.224546233333335	unknown	off
2026-09-19 10:05	120.1	23.2	648.0	429.0	27.792	28.224546233333335	unknown	off
2026-09-19 10:10	121.2	23.8	722.0	485.0	27.792	33.224546233333335	unknown	off
2026-09-19 10:15	122.4	24.5	825.0	557.0	27.792	38.22454623333333	unknown	off
2026-09-19 10:20	123.6	25.1	970.0	642.0	27.792	43.22454623333333	unknown	off
2026-09-19 10:25	124.8	25.8	1066.0	743.0	27.792	48.22454623333333	unknown	off
2026-09-19 10:30	126.0	26.4	1161.0	855.0	27.792	53.22454623333333	unknown	off
2026-09-19 10:35	127.2	27.0	1127.0	914.0	27.792	58.22454623333333	unknown	off
2026-09-19 10:40	128.4	27.6	1180.0	993.0	31.5	3.2250379	unknown	off
2026-09-19 10:45	129.7	28.2	1029.0	1004.0	31.5	8.2250379	unknown	off
2026-09-19 10:50	130.9	28.8	885.0	1000.0	31.5	13.2250379	unknown	off
2026-09-19 10:55	132.2	29.4	658.0	972.0	31.5	18.2250379	unknown	off
2026-09-19 11:00	133.5	30.0	601.0	928.0	31.5	23.2250379	unknown	off
2026-09-19 11:05	134.8	30.5	564.0	862.0	31.5	28.2250379	unknown	off
2026-09-19 11:10	136.1	31.1	567.0	804.0	29.628	3.225303283333333	unknown	off
2026-09-19 11:15	137.4	31.6	813.0	808.0	29.628	8.225303283333334	unknown	off
2026-09-19 11:20	138.7	32.1	1255.0	893.0	29.628	13.225303283333334	unknown	off
2026-09-19 11:25	140.1	32.6	1314.0	845.0	29.628	18.225303283333336	unknown	off
2026-09-19 11:30	141.5	33.1	1036.0	823.0	29.628	23.225303283333336	unknown	off
2026-09-19 11:35	142.9	33.6	594.0	804.0	29.628	28.225303283333336	unknown	off
2026-09-19 11:40	144.3	34.0	489.0	788.0	31.5	3.2197306333333335	unknown	off
2026-09-19 11:45	145.7	34.5	605.0	825.0	31.5	8.219730633333333	unknown	off
2026-09-19 11:50	147.1	34.9	743.0	862.0	31.5	13.219730633333334	unknown	off
2026-09-19 11:55	148.5	35.3	803.0	865.0	31.5	18.21973063333333	unknown	off
2026-09-19 12:00	150.0	35.7	830.0	821.0	31.5	23.21973063333333	unknown	off
2026-09-19 12:05	151.5	36.1	826.0	720.0	31.5	28.21973063333333	unknown	off
2026-09-19 12:10	153.0	36.4	878.0	725.0	27.792	3.2246216833333334	unknown	off
2026-09-19 12:15	154.5	36.8	838.0	758.0	27.792	8.224621683333334	unknown	off
2026-09-19 12:20	156.0	37.1	911.0	829.0	27.792	13.224621683333334	unknown	off
2026-09-19 12:25	157.5	37.4	885.0	857.0	27.792	18.224621683333332	unknown	off
2026-09-19 12:30	159.0	37.7	928.0	863.0	27.792	23.224621683333332	unknown	off
2026-09-19 12:35	160.6	37.9	765.0	838.0	27.792	28.224621683333332	unknown	off
2026-09-19 12:40	162.1	38.2	887.0	883.0	29.628	3.2243026833333333	unknown	off
2026-09-19 12:45	163.7	38.4	1119.0	960.0	29.628	8.224302683333333	unknown	off
2026-09-19 12:50	165.3	38.6	1312.0	991.0	29.628	13.224302683333333	unknown	off
2026-09-19 12:55	166.9	38.8	1320.0	1028.0	29.628	18.224302683333335	unknown	off
2026-09-19 13:00	168.4	39.0	982.0	1008.0	29.628	23.224302683333335	unknown	off
2026-09-19 13:05	170.0	39.1	806.0	962.0	29.628	28.224302683333335	unknown	off
2026-09-19 13:10	171.6	39.2	805.0	1002.0	31.5	3.2249993333333333	53.712	off
2026-09-19 13:15	173.3	39.3	1056.0	1050.0	31.5	8.224999333333333	53.712	off
2026-09-19 13:20	174.9	39.4	1263.0	1128.0	31.5	13.224999333333333	53.712	off
2026-09-19 13:25	176.5	39.5	1092.0	1072.0	31.5	18.224999333333336	53.712	off
2026-09-19 13:30	178.1	39.5	805.0	958.0	31.5	23.224999333333336	53.712	off
2026-09-19 13:35	179.7	39.5	680.0	912.0	31.5	28.224999333333336	53.712	off
2026-09-19 13:40	181.3	39.5	706.0	871.0	31.5	33.224999333333336	unknown	off
2026-09-19 13:45	183.0	39.5	692.0	862.0	31.5	38.224999333333336	unknown	off
2026-09-19 13:50	184.6	39.4	683.0	871.0	31.5	43.224999333333336	unknown	off
2026-09-19 13:55	186.2	39.3	569.0	784.0	31.5	48.224999333333336	unknown	off
2026-09-19 14:00	187.8	39.3	516.0	671.0	31.5	53.224999333333336	unknown	off
2026-09-19 14:05	189.4	39.1	541.0	635.0	31.5	58.224999333333336	unknown	off
2026-09-19 14:10	191.0	39.0	543.0	603.0	29.628	3.22457175	51.84	off
2026-09-19 14:15	192.6	38.8	647.0	618.0	29.628	8.22457175	51.84	off
2026-09-19 14:20	194.2	38.7	593.0	605.0	29.628	13.224571749999999	51.84	off
2026-09-19 14:25	195.8	38.5	760.0	622.0	29.628	18.22457175	51.84	off
2026-09-19 14:30	197.3	38.2	712.0	622.0	29.628	23.22457175	51.84	off
2026-09-19 14:35	198.9	38.0	756.0	631.0	29.628	28.22457175	51.84	off
2026-09-19 14:40	200.4	37.7	861.0	720.0	31.5	3.2251892333333334	unknown	off
2026-09-19 14:45	202.0	37.5	1076.0	805.0	31.5	8.225189233333333	unknown	off
2026-09-19 14:50	203.5	37.2	1075.0	809.0	31.5	13.225189233333333	unknown	off
2026-09-19 14:55	205.0	36.8	893.0	841.0	31.5	18.22518923333333	unknown	off
2026-09-19 15:00	206.5	36.5	787.0	854.0	31.5	23.22518923333333	unknown	off
2026-09-19 15:05	208.0	36.1	940.0	921.0	31.5	28.22518923333333	unknown	off
2026-09-19 15:10	209.5	35.8	1006.0	921.0	37.044	3.2245589166666666	unknown	off
2026-09-19 15:15	210.9	35.4	1031.0	964.0	37.044	8.224558916666668	unknown	off
2026-09-19 15:20	212.4	35.0	904.0	972.0	37.044	13.224558916666666	unknown	off
2026-09-19 15:25	213.8	34.5	809.0	899.0	37.044	18.22455891666667	unknown	off
2026-09-19 15:30	215.2	34.1	689.0	838.0	37.044	23.22455891666667	unknown	off
2026-09-19 15:35	216.6	33.7	631.0	827.0	37.044	28.22455891666667	unknown	off
2026-09-19 15:40	218.0	33.2	684.0	828.0	29.628	3.2251574499999998	unknown	off
2026-09-19 15:45	219.4	32.7	690.0	806.0	29.628	8.225157450000001	unknown	off
2026-09-19 15:50	220.8	32.2	718.0	750.0	29.628	13.225157450000001	unknown	off
2026-09-19 15:55	222.1	31.7	634.0	704.0	29.628	18.225157449999998	unknown	off
2026-09-19 16:00	223.4	31.2	581.0	658.0	29.628	23.225157449999998	unknown	off
2026-09-19 16:05	224.8	30.6	604.0	650.0	29.628	28.225157449999998	unknown	off
2026-09-19 16:10	226.1	30.1	581.0	629.0	31.5	3.224249733333333	50.004	off
2026-09-19 16:15	227.3	29.5	597.0	629.0	31.5	8.224249733333334	50.004	off
2026-09-19 16:20	228.6	28.9	783.0	698.0	31.5	13.224249733333332	50.004	off
2026-09-19 16:25	229.9	28.4	1020.0	737.0	31.5	18.224249733333334	50.004	off
2026-09-19 16:30	231.1	27.8	1199.0	797.0	31.5	23.224249733333334	50.004	off
2026-09-19 16:35	232.3	27.1	1238.0	874.0	31.5	28.224249733333334	50.004	off
2026-09-19 16:40	233.6	26.5	1405.0	996.0	29.628	3.2251518833333335	unknown	off
2026-09-19 16:45	234.8	25.9	1205.0	1003.0	29.628	8.225151883333334	unknown	off
2026-09-19 16:50	236.0	25.3	941.0	992.0	29.628	13.225151883333332	unknown	off
2026-09-19 16:55	237.1	24.6	813.0	1076.0	29.628	18.225151883333336	unknown	off
2026-09-19 17:00	238.3	24.0	900.0	1097.0	29.628	23.225151883333336	unknown	off
2026-09-19 17:05	239.5	23.3	964.0	1048.0	29.628	28.225151883333336	unknown	off
2026-09-19 17:10	240.6	22.6	817.0	1010.0	31.5	3.2241657333333333	unknown	off
2026-09-19 17:15	241.7	22.0	671.0	921.0	31.5	8.224165733333333	unknown	off
2026-09-19 17:20	242.9	21.3	493.0	800.0	31.5	13.224165733333333	unknown	off
2026-09-19 17:25	244.0	20.6	378.0	672.0	31.5	18.224165733333333	unknown	off
2026-09-19 17:30	245.1	19.9	315.0	628.0	31.5	23.224165733333333	unknown	off
2026-09-19 17:35	246.2	19.2	266.0	575.0	31.5	28.224165733333333	unknown	off
2026-09-19 17:40	247.3	18.5	196.0	464.0	33.336	3.2250595833333335	unknown	off
2026-09-19 17:45	248.3	17.7	136.0	372.0	33.336	8.225059583333334	unknown	off
2026-09-19 17:50	249.4	17.0	85.0	282.0	33.336	13.225059583333332	unknown	off
2026-09-19 17:55	250.5	16.3	56.0	210.0	33.336	18.225059583333334	unknown	off
2026-09-19 18:00	251.5	15.6	38.0	162.0	33.336	23.225059583333334	unknown	off
2026-09-19 18:05	252.6	14.8	27.0	126.0	33.336	28.225059583333334	unknown	off
2026-09-19 18:10	253.6	14.1	48.0	100.0	33.336	33.22505958333333	51.84	off
2026-09-19 18:15	254.7	13.4	53.0	75.0	33.336	38.22505958333333	51.84	off
2026-09-19 18:20	255.7	12.6	50.0	54.0	33.336	43.22505958333333	51.84	off
2026-09-19 18:25	256.7	11.9	23.0	43.0	33.336	48.22505958333333	51.84	off
2026-09-19 18:30	257.7	11.1	27.0	38.0	33.336	53.22505958333333	51.84	off
2026-09-19 18:35	258.7	10.3	30.0	36.0	33.336	58.22505958333333	51.84	off
2026-09-19 18:40	259.7	9.6	22.0	32.0	33.336	63.22505958333333	53.712	off
2026-09-19 18:45	260.7	8.8	16.0	32.0	33.336	68.22505958333333	53.712	off
2026-09-19 18:50	261.7	8.1	21.0	33.0	33.336	73.22505958333333	53.712	off
2026-09-19 18:55	262.7	7.3	34.0	26.0	33.336	78.22505958333333	53.712	off
2026-09-19 19:00	263.7	6.5	37.0	27.0	33.336	83.22505958333333	53.712	off
2026-09-19 19:05	264.7	5.8	35.0	28.0	33.336	88.22505958333333	53.712	off
2026-09-19 19:10	265.7	5.0	22.0	26.0	33.336	93.22505958333333	unknown	off
2026-09-19 19:15	266.7	4.2	14.0	23.0	33.336	98.22505958333333	unknown	off
2026-09-19 19:20	267.7	3.4	5.0	21.0	33.336	103.22505958333333	unknown	off
2026-09-19 19:25	268.7	2.7	4.0	20.0	33.336	108.22505958333333	unknown	off
2026-09-19 19:30	269.7	1.9	4.0	18.0	33.336	113.22505958333333	unknown	off
2026-09-19 19:35	270.6	1.1	3.0	14.0	33.336	118.22505958333333	unknown	off
2026-09-19 19:40	271.6	0.3	1.0	9.0	27.792	3.2245978166666664	unknown	off
2026-09-19 19:45	272.6	-0.4	0.0	6.0	27.792	8.224597816666666	unknown	off
2026-09-19 19:50	273.6	-1.2	0.0	3.0	27.792	13.224597816666666	unknown	off
2026-09-19 19:55	274.6	-2.0	0.0	2.0	27.792	18.22459781666667	unknown	off
2026-09-19 20:00	275.6	-2.7	0.0	1.0	27.792	23.22459781666667	unknown	off
2026-09-19 20:05	276.5	-3.5	0.0	1.0	27.792	28.22459781666667	unknown	off
2026-09-19 20:10	277.5	-4.3	0.0	0.0	35.172	3.2245677833333333	unknown	off
2026-09-19 20:15	278.5	-5.0	0.0	0.0	35.172	8.224567783333333	unknown	off
2026-09-19 20:20	279.5	-5.8	0.0	0.0	35.172	13.224567783333333	unknown	off
2026-09-19 20:25	280.5	-6.6	0.0	0.0	35.172	18.224567783333335	unknown	off
2026-09-19 20:30	281.5	-7.3	0.0	0.0	35.172	23.224567783333335	unknown	off
2026-09-19 20:35	282.5	-8.1	0.0	0.0	35.172	28.224567783333335	unknown	off
2026-09-19 20:40	283.5	-8.8	0.0	0.0	33.336	3.2245619	51.84	off
2026-09-19 20:45	284.5	-9.6	0.0	0.0	33.336	8.2245619	51.84	off
2026-09-19 20:50	285.6	-10.3	0.0	0.0	33.336	13.2245619	51.84	off
2026-09-19 20:55	286.6	-11.1	0.0	0.0	33.336	18.2245619	51.84	off
2026-09-19 21:00	287.6	-11.8	0.0	0.0	33.336	23.2245619	51.84	off
2026-09-19 21:05	288.6	-12.6	0.0	0.0	33.336	28.2245619	51.84	off
2026-09-19 21:10	289.7	-13.3	0.0	0.0	33.336	33.2245619	unknown	off
2026-09-19 21:15	290.7	-14.0	0.0	0.0	33.336	38.224561900000005	unknown	off
2026-09-19 21:20	291.8	-14.7	0.0	0.0	33.336	43.224561900000005	unknown	off
2026-09-19 21:25	292.8	-15.4	0.0	0.0	33.336	48.224561900000005	unknown	off
2026-09-19 21:30	293.9	-16.2	0.0	0.0	33.336	53.224561900000005	unknown	off
2026-09-19 21:35	295.0	-16.9	0.0	0.0	33.336	58.224561900000005	unknown	off
2026-09-19 21:40	296.1	-17.6	0.0	0.0	31.5	3.224423333333333	50.004	off
2026-09-19 21:45	297.2	-18.2	0.0	0.0	31.5	8.224423333333332	50.004	off
2026-09-19 21:50	298.3	-18.9	0.0	0.0	31.5	13.224423333333334	50.004	off
2026-09-19 21:55	299.4	-19.6	0.0	0.0	31.5	18.224423333333334	50.004	off
2026-09-19 22:00	300.5	-20.3	0.0	0.0	31.5	23.224423333333334	50.004	off
2026-09-19 22:05	301.6	-20.9	0.0	0.0	31.5	28.224423333333334	50.004	off
2026-09-19 22:10	302.8	-21.6	0.0	0.0	35.172	3.22500395	55.548	off
2026-09-19 22:15	303.9	-22.2	0.0	0.0	35.172	8.22500395	55.548	off
2026-09-19 22:20	305.1	-22.9	0.0	0.0	35.172	13.22500395	55.548	off
2026-09-19 22:25	306.3	-23.5	0.0	0.0	35.172	18.225003949999998	55.548	off
2026-09-19 22:30	307.5	-24.1	0.0	0.0	35.172	23.225003949999998	55.548	off
2026-09-19 22:35	308.7	-24.7	0.0	0.0	35.172	28.225003949999998	55.548	off
2026-09-19 22:40	309.9	-25.3	0.0	0.0	29.628	3.2244356333333335	unknown	off
2026-09-19 22:45	311.1	-25.9	0.0	0.0	29.628	8.224435633333334	unknown	off
2026-09-19 22:50	312.3	-26.5	0.0	0.0	29.628	13.224435633333334	unknown	off
2026-09-19 22:55	313.6	-27.1	0.0	0.0	29.628	18.224435633333332	unknown	off
2026-09-19 23:00	314.8	-27.6	0.0	0.0	29.628	23.224435633333332	unknown	off
2026-09-19 23:05	316.1	-28.2	0.0	0.0	29.628	28.224435633333332	unknown	off
2026-09-19 23:10	317.4	-28.7	0.0	0.0	31.5	3.2243698666666663	unknown	off
2026-09-19 23:15	318.7	-29.2	0.0	0.0	31.5	8.224369866666667	unknown	off
2026-09-19 23:20	320.0	-29.7	0.0	0.0	31.5	13.224369866666667	unknown	off
2026-09-19 23:25	321.4	-30.2	0.0	0.0	31.5	18.224369866666667	unknown	off
2026-09-19 23:30	322.7	-30.7	0.0	0.0	31.5	23.224369866666667	unknown	off
2026-09-19 23:35	324.0	-31.1	0.0	0.0	31.5	28.224369866666667	unknown	off
2026-09-19 23:40	325.4	-31.6	0.0	0.0	25.92	3.2251545833333335	unknown	off
2026-09-19 23:45	326.8	-32.0	0.0	0.0	25.92	8.225154583333333	unknown	off
2026-09-19 23:50	328.2	-32.4	0.0	0.0	25.92	13.225154583333333	unknown	off
2026-09-19 23:55	329.6	-32.8	0.0	0.0	25.92	18.22515458333333	unknown	off
2026-09-20 00:00	331.0	-33.2	0.0	0.0	25.92	0.0	unknown	off
2026-09-20 00:05	332.4	-33.6	0.0	0.0	25.92	5.0	unknown	off
2026-09-20 00:10	333.9	-33.9	0.0	0.0	27.792	3.2246310833333336	unknown	off
2026-09-20 00:15	335.3	-34.3	0.0	0.0	27.792	8.224631083333334	unknown	off
2026-09-20 00:20	336.8	-34.6	0.0	0.0	27.792	13.224631083333332	unknown	off
2026-09-20 00:25	338.3	-34.9	0.0	0.0	27.792	18.224631083333335	unknown	off
2026-09-20 00:30	339.8	-35.2	0.0	0.0	27.792	23.224631083333335	unknown	off
2026-09-20 00:35	341.3	-35.4	0.0	0.0	27.792	28.224631083333335	unknown	off
2026-09-20 00:40	342.8	-35.7	0.0	0.0	31.5	3.22429255	unknown	off
2026-09-20 00:45	344.3	-35.9	0.0	0.0	31.5	8.22429255	unknown	off
2026-09-20 00:50	345.8	-36.1	0.0	0.0	31.5	13.22429255	unknown	off
2026-09-20 00:55	347.4	-36.3	0.0	0.0	31.5	18.224292549999998	unknown	off
2026-09-20 01:00	348.9	-36.4	0.0	0.0	31.5	23.224292549999998	unknown	off
2026-09-20 01:05	350.4	-36.6	0.0	0.0	31.5	28.224292549999998	unknown	off
2026-09-20 01:10	352.0	-36.7	0.0	0.0	27.792	3.22458285	unknown	off
2026-09-20 01:15	353.5	-36.8	0.0	0.0	27.792	8.22458285	unknown	off
2026-09-20 01:20	355.1	-36.9	0.0	0.0	27.792	13.22458285	unknown	off
2026-09-20 01:25	356.7	-36.9	0.0	0.0	27.792	18.22458285	unknown	off
2026-09-20 01:30	358.2	-36.9	0.0	0.0	27.792	23.22458285	unknown	off
2026-09-20 01:35	359.8	-37.0	0.0	0.0	27.792	28.22458285	unknown	off
2026-09-20 01:40	1.4	-37.0	0.0	0.0	27.792	33.224582850000004	unknown	off
2026-09-20 01:45	2.9	-36.9	0.0	0.0	27.792	38.224582850000004	unknown	off
2026-09-20 01:50	4.5	-36.9	0.0	0.0	27.792	43.224582850000004	unknown	off
2026-09-20 01:55	6.0	-36.8	0.0	0.0	27.792	48.224582850000004	unknown	off
2026-09-20 02:00	7.6	-36.7	0.0	0.0	27.792	53.224582850000004	unknown	off
2026-09-20 02:05	9.2	-36.6	0.0	0.0	27.792	58.224582850000004	unknown	off
2026-09-20 02:10	10.7	-36.5	0.0	0.0	29.628	3.224730966666667	unknown	off
2026-09-20 02:15	12.2	-36.3	0.0	0.0	29.628	8.224730966666666	unknown	off
2026-09-20 02:20	13.8	-36.2	0.0	0.0	29.628	13.224730966666668	unknown	off
2026-09-20 02:25	15.3	-36.0	0.0	0.0	29.628	18.224730966666666	unknown	off
2026-09-20 02:30	16.8	-35.7	0.0	0.0	29.628	23.224730966666666	unknown	off
2026-09-20 02:35	18.3	-35.5	0.0	0.0	29.628	28.224730966666666	unknown	off
2026-09-20 02:40	19.8	-35.3	0.0	0.0	29.628	33.22473096666667	50.004	off
2026-09-20 02:45	21.3	-35.0	0.0	0.0	29.628	38.22473096666667	50.004	off
2026-09-20 02:50	22.8	-34.7	0.0	0.0	29.628	43.22473096666667	50.004	off
2026-09-20 02:55	24.3	-34.4	0.0	0.0	29.628	48.22473096666667	50.004	off
2026-09-20 03:00	25.7	-34.1	0.0	0.0	29.628	53.22473096666667	50.004	off
2026-09-20 03:05	27.2	-33.7	0.0	0.0	29.628	58.22473096666667	50.004	off
2026-09-20 03:10	28.6	-33.4	0.0	0.0	25.92	3.2247612	unknown	off
2026-09-20 03:15	30.1	-33.0	0.0	0.0	25.92	8.2247612	unknown	off
2026-09-20 03:20	31.5	-32.6	0.0	0.0	25.92	13.2247612	unknown	off
2026-09-20 03:25	32.9	-32.2	0.0	0.0	25.92	18.2247612	unknown	off
2026-09-20 03:30	34.2	-31.8	0.0	0.0	25.92	23.2247612	unknown	off
2026-09-20 03:35	35.6	-31.3	0.0	0.0	25.92	28.2247612	unknown	off
2026-09-20 03:40	37.0	-30.9	0.0	0.0	27.792	3.2251530833333333	unknown	off
2026-09-20 03:45	38.3	-30.4	0.0	0.0	27.792	8.225153083333334	unknown	off
2026-09-20 03:50	39.7	-29.9	0.0	0.0	27.792	13.225153083333334	unknown	off
2026-09-20 03:55	41.0	-29.4	0.0	0.0	27.792	18.225153083333332	unknown	off
2026-09-20 04:00	42.3	-28.9	0.0	0.0	27.792	23.225153083333332	unknown	off
2026-09-20 04:05	43.6	-28.4	0.0	0.0	27.792	28.225153083333332	unknown	off
2026-09-20 04:10	44.9	-27.8	0.0	0.0	24.084	3.2249523	unknown	off
2026-09-20 04:15	46.1	-27.3	0.0	0.0	24.084	8.2249523	unknown	off
2026-09-20 04:20	47.4	-26.7	0.0	0.0	24.084	13.2249523	unknown	off
2026-09-20 04:25	48.6	-26.2	0.0	0.0	24.084	18.224952299999998	unknown	off
2026-09-20 04:30	49.8	-25.6	0.0	0.0	24.084	23.224952299999998	unknown	off
2026-09-20 04:35	51.1	-25.0	0.0	0.0	24.084	28.224952299999998	unknown	off
2026-09-20 04:40	52.3	-24.4	0.0	0.0	18.504	3.2252037833333334	unknown	off
2026-09-20 04:45	53.5	-23.8	0.0	0.0	18.504	8.225203783333333	unknown	off
2026-09-20 04:50	54.6	-23.1	0.0	0.0	18.504	13.225203783333335	unknown	off
2026-09-20 04:55	55.8	-22.5	0.0	0.0	18.504	18.22520378333333	unknown	off
2026-09-20 05:00	57.0	-21.9	0.0	0.0	18.504	23.22520378333333	unknown	off
2026-09-20 05:05	58.1	-21.2	0.0	0.0	18.504	28.22520378333333	unknown	off
2026-09-20 05:10	59.3	-20.6	0.0	0.0	19.296	3.2248840666666667	30.564	off
2026-09-20 05:15	60.4	-19.9	0.0	0.0	19.296	8.224884066666666	30.564	off
2026-09-20 05:20	61.5	-19.2	0.0	0.0	16.668	3.2237208166666664	unknown	off
2026-09-20 05:25	62.6	-18.5	0.0	0.0	16.668	8.223720816666667	unknown	off
2026-09-20 05:30	63.7	-17.8	0.0	0.0	16.668	13.223720816666667	unknown	off
2026-09-20 05:35	64.8	-17.2	0.0	0.0	16.668	18.223720816666667	unknown	off
2026-09-20 05:40	65.9	-16.4	0.0	0.0	16.668	23.223720816666667	unknown	off
2026-09-20 05:45	66.9	-15.7	0.0	0.0	16.668	28.223720816666667	unknown	off
2026-09-20 05:50	68.0	-15.0	0.0	0.0	16.668	33.22372081666666	unknown	off
2026-09-20 05:55	69.1	-14.3	0.0	0.0	16.668	38.22372081666666	unknown	off
2026-09-20 06:00	70.1	-13.6	0.0	0.0	16.668	43.22372081666666	unknown	off
2026-09-20 06:05	71.2	-12.9	0.0	0.0	16.668	48.22372081666666	unknown	off
2026-09-20 06:10	72.2	-12.1	0.0	0.0	16.668	53.22372081666666	unknown	off
2026-09-20 06:15	73.2	-11.4	0.0	0.0	16.668	58.22372081666666	unknown	off
2026-09-20 06:20	74.3	-10.7	0.0	0.0	16.668	63.22372081666666	unknown	off
2026-09-20 06:25	75.3	-9.9	0.0	0.0	16.668	68.22372081666667	unknown	off
2026-09-20 06:30	76.3	-9.2	0.0	0.0	16.668	73.22372081666667	unknown	off
2026-09-20 06:35	77.3	-8.4	0.0	0.0	16.668	78.22372081666667	unknown	off
2026-09-20 06:40	78.3	-7.7	0.0	0.0	14.832	3.224475566666667	unknown	off
2026-09-20 06:45	79.3	-6.9	0.0	0.0	14.832	8.224475566666666	unknown	off
2026-09-20 06:50	80.3	-6.1	0.0	0.0	14.832	13.224475566666666	unknown	off
2026-09-20 06:55	81.3	-5.4	0.0	0.0	14.832	18.22447556666667	unknown	off
2026-09-20 07:00	82.3	-4.6	0.0	0.0	14.832	23.22447556666667	unknown	off
2026-09-20 07:05	83.3	-3.9	0.0	0.0	14.832	28.22447556666667	unknown	off
2026-09-20 07:10	84.3	-3.1	0.0	0.0	14.832	33.22447556666667	unknown	off
2026-09-20 07:15	85.3	-2.3	0.0	0.0	14.832	38.22447556666667	unknown	off
2026-09-20 07:20	86.3	-1.6	0.0	0.0	14.832	43.22447556666667	unknown	off
2026-09-20 07:25	87.3	-0.8	0.0	0.0	14.832	48.22447556666667	unknown	off
2026-09-20 07:30	88.2	-0.0	0.0	0.0	14.832	53.22447556666667	unknown	off
2026-09-20 07:35	89.2	0.8	0.0	0.0	14.832	58.22447556666667	unknown	off
2026-09-20 07:40	90.2	1.5	0.0	0.0	14.832	63.22447556666667	unknown	off
2026-09-20 07:45	91.2	2.3	0.0	0.0	14.832	68.22447556666667	unknown	off
2026-09-20 07:50	92.2	3.1	0.0	0.0	14.832	73.22447556666665	unknown	off
2026-09-20 07:55	93.2	3.8	0.0	0.0	14.832	78.22447556666665	unknown	off
2026-09-20 08:00	94.1	4.6	0.0	0.0	14.832	83.22447556666665	unknown	off
2026-09-20 08:05	95.1	5.4	0.0	0.0	14.832	88.22447556666665	unknown	off
2026-09-20 08:10	96.1	6.1	0.0	0.0	14.832	93.22447556666665	unknown	off
2026-09-20 08:15	97.1	6.9	0.0	0.0	14.832	98.22447556666665	unknown	off
2026-09-20 08:20	98.1	7.7	0.0	0.0	14.832	103.22447556666665	unknown	off
2026-09-20 08:25	99.1	8.4	0.0	0.0	14.832	108.22447556666665	unknown	off
2026-09-20 08:30	100.1	9.2	0.0	0.0	14.832	113.22447556666665	unknown	off
2026-09-20 08:35	101.1	10.0	0.0	0.0	14.832	118.22447556666665	unknown	off
2026-09-20 08:40	102.1	10.7	0.0	0.0	12.96	3.225079033333333	unknown	off
2026-09-20 08:45	103.2	11.5	0.0	0.0	12.96	8.225079033333333	unknown	off
2026-09-20 08:50	104.2	12.2	4.0	1.0	12.96	13.225079033333333	unknown	off
2026-09-20 08:55	105.2	13.0	42.0	14.0	12.96	18.225079033333333	unknown	off
2026-09-20 09:00	106.2	13.7	80.0	26.0	12.96	23.225079033333333	unknown	off
2026-09-20 09:05	107.3	14.4	115.0	40.0	12.96	28.225079033333333	unknown	off
2026-09-20 09:10	108.3	15.2	130.0	57.0	12.96	33.22507903333334	unknown	off
2026-09-20 09:15	109.4	15.9	140.0	73.0	12.96	38.22507903333334	unknown	off
2026-09-20 09:20	110.4	16.6	153.0	91.0	12.96	43.22507903333334	unknown	off
2026-09-20 09:25	111.5	17.4	155.0	109.0	12.96	48.22507903333334	unknown	off
2026-09-20 09:30	112.6	18.1	165.0	128.0	12.96	53.22507903333334	unknown	off
2026-09-20 09:35	113.7	18.8	173.0	147.0	12.96	58.22507903333334	unknown	off
2026-09-20 09:40	114.8	19.5	176.0	154.0	14.832	3.2249349	unknown	off
2026-09-20 09:45	115.9	20.2	176.0	161.0	14.832	8.224934900000001	unknown	off
2026-09-20 09:50	117.0	20.9	189.0	171.0	14.832	13.2249349	unknown	off
2026-09-20 09:55	118.1	21.5	223.0	184.0	14.832	18.2249349	unknown	off
2026-09-20 10:00	119.2	22.2	238.0	193.0	14.832	23.2249349	unknown	off
2026-09-20 10:05	120.4	22.9	237.0	200.0	14.832	28.2249349	unknown	off
2026-09-20 10:10	121.5	23.6	225.0	207.0	12.96	3.2252133666666665	unknown	off
2026-09-20 10:15	122.7	24.2	254.0	222.0	12.96	8.225213366666667	unknown	off
2026-09-20 10:20	123.9	24.9	265.0	230.0	12.96	13.225213366666667	unknown	off
2026-09-20 10:25	125.1	25.5	247.0	232.0	12.96	18.225213366666665	unknown	off
2026-09-20 10:30	126.3	26.1	211.0	234.0	12.96	23.225213366666665	unknown	off
2026-09-20 10:35	127.5	26.7	208.0	237.0	12.96	28.225213366666665	unknown	off
2026-09-20 10:40	128.7	27.3	216.0	229.0	18.504	3.224370433333333	unknown	off
2026-09-20 10:45	130.0	27.9	181.0	216.0	18.504	8.224370433333332	unknown	off
2026-09-20 10:50	131.2	28.5	172.0	216.0	18.504	13.224370433333332	unknown	off
2026-09-20 10:55	132.5	29.1	178.0	212.0	18.504	18.224370433333334	unknown	off
2026-09-20 11:00	133.8	29.7	254.0	216.0	18.504	23.224370433333334	unknown	off
2026-09-20 11:05	135.1	30.2	256.0	212.0	18.504	28.224370433333334	unknown	off
2026-09-20 11:10	136.4	30.7	267.0	220.0	22.212	3.2243253166666666	unknown	off
2026-09-20 11:15	137.7	31.3	236.0	223.0	22.212	8.224325316666667	unknown	off
2026-09-20 11:20	139.0	31.8	256.0	228.0	22.212	13.224325316666667	unknown	off
2026-09-20 11:25	140.4	32.3	258.0	235.0	22.212	18.22432531666667	unknown	off
2026-09-20 11:30	141.7	32.8	305.0	266.0	22.212	23.22432531666667	unknown	off
2026-09-20 11:35	143.1	33.2	470.0	325.0	22.212	28.22432531666667	unknown	off
2026-09-20 11:40	144.5	33.7	776.0	430.0	22.212	33.224325316666665	unknown	off
2026-09-20 11:45	145.9	34.1	927.0	497.0	22.212	38.224325316666665	unknown	off
2026-09-20 11:50	147.4	34.5	1251.0	665.0	22.212	43.224325316666665	unknown	off
2026-09-20 11:55	148.8	35.0	1489.0	837.0	22.212	48.224325316666665	unknown	off
2026-09-20 12:00	150.3	35.3	1695.0	987.0	22.212	53.224325316666665	unknown	off
2026-09-20 12:05	151.7	35.7	1884.0	1203.0	22.212	58.224325316666665	unknown	off
2026-09-20 12:10	153.2	36.1	1785.0	1357.0	24.084	3.22427925	unknown	off
2026-09-20 12:15	154.7	36.4	1506.0	1389.0	24.084	8.22427925	unknown	off
2026-09-20 12:20	156.2	36.7	959.0	1364.0	24.084	13.22427925	unknown	off
2026-09-20 12:25	157.7	37.0	659.0	1319.0	24.084	18.22427925	unknown	off
2026-09-20 12:30	159.2	37.3	691.0	1301.0	24.084	23.22427925	unknown	off
2026-09-20 12:35	160.8	37.6	935.0	1257.0	24.084	28.22427925	unknown	off
2026-09-20 12:40	162.3	37.8	868.0	1097.0	25.92	3.2242233833333334	unknown	off
2026-09-20 12:45	163.9	38.0	658.0	975.0	25.92	8.224223383333333	unknown	off
2026-09-20 12:50	165.5	38.2	508.0	796.0	25.92	13.224223383333333	unknown	off
2026-09-20 12:55	167.0	38.4	667.0	728.0	25.92	18.22422338333333	unknown	off
2026-09-20 13:00	168.6	38.6	824.0	751.0	25.92	23.22422338333333	unknown	off
2026-09-20 13:05	170.2	38.7	958.0	798.0	25.92	28.22422338333333	unknown	off
2026-09-20 13:10	171.8	38.9	1271.0	929.0	24.084	3.2232505833333334	unknown	off
2026-09-20 13:15	173.4	38.9	1269.0	914.0	24.084	8.223250583333334	unknown	off
2026-09-20 13:20	175.0	39.0	1267.0	907.0	24.084	13.223250583333334	unknown	off
2026-09-20 13:25	176.6	39.1	808.0	913.0	24.084	18.223250583333332	unknown	off
2026-09-20 13:30	178.2	39.1	643.0	913.0	24.084	23.223250583333332	unknown	off
2026-09-20 13:35	179.8	39.1	607.0	938.0	24.084	28.223250583333332	unknown	off
2026-09-20 13:40	181.5	39.1	723.0	928.0	25.92	3.2251002166666667	44.46	off
2026-09-20 13:45	183.1	39.1	1023.0	972.0	25.92	8.225100216666666	44.46	off
2026-09-20 13:50	184.7	39.0	946.0	931.0	25.92	13.225100216666668	44.46	off
2026-09-20 13:55	186.3	39.0	1781.0	1127.0	25.92	18.225100216666664	44.46	off
2026-09-20 14:00	187.9	38.9	2211.0	1275.0	25.92	23.225100216666664	44.46	off
2026-09-20 14:05	189.5	38.7	2850.0	1479.0	25.92	28.225100216666664	44.46	off
2026-09-20 14:10	191.1	38.6	2655.0	1731.0	16.092	3.2246243666666667	32.184	off
2026-09-20 14:15	192.7	38.4	2848.0	2030.0	16.092	8.224624366666667	32.184	off
2026-09-20 14:20	194.2	38.3	2329.0	2075.0	16.092	13.224624366666665	28.98	off
2026-09-20 14:25	195.8	38.1	1550.0	1999.0	16.092	18.224624366666667	28.98	off
2026-09-20 14:30	197.4	37.8	1794.0	2283.0	9.648	3.22466335	30.564	off
2026-09-20 14:35	198.9	37.6	2403.0	2521.0	9.648	8.22466335	30.564	off
2026-09-20 14:40	200.5	37.3	3237.0	2508.0	27.792	3.2247440000000003	48.168	off
2026-09-20 14:45	202.0	37.1	2511.0	2379.0	27.792	8.224744	48.168	off
2026-09-20 14:50	203.5	36.8	1804.0	2179.0	14.472	3.2243799666666666	32.184	off
2026-09-20 14:55	205.0	36.4	1186.0	2025.0	14.472	8.224379966666667	32.184	off
2026-09-20 15:00	206.5	36.1	1318.0	1881.0	11.268	3.22454235	25.74	off
2026-09-20 15:05	208.0	35.7	1280.0	1840.0	11.268	8.22454235	25.74	off
2026-09-20 15:10	209.4	35.4	1297.0	1911.0	27.792	3.2246873666666667	unknown	off
2026-09-20 15:15	210.9	35.0	1958.0	1905.0	27.792	8.224687366666666	unknown	off
2026-09-20 15:20	212.3	34.6	2890.0	1965.0	27.792	13.224687366666666	unknown	off
2026-09-20 15:25	213.8	34.2	3477.0	1992.0	27.792	18.224687366666668	unknown	off
2026-09-20 15:30	215.2	33.7	3336.0	2202.0	27.792	23.224687366666668	unknown	off
2026-09-20 15:35	216.6	33.3	3258.0	2467.0	27.792	28.224687366666668	unknown	off
2026-09-20 15:40	218.0	32.8	3143.0	2657.0	22.212	3.22502765	unknown	off
2026-09-20 15:45	219.3	32.3	3133.0	2821.0	22.212	8.22502765	unknown	off
2026-09-20 15:50	220.7	31.8	3115.0	3094.0	22.212	13.22502765	unknown	off
2026-09-20 15:55	222.0	31.3	3105.0	3239.0	22.212	18.22502765	unknown	off
2026-09-20 16:00	223.3	30.8	3048.0	3175.0	22.212	23.22502765	unknown	off
2026-09-20 16:05	224.6	30.2	2940.0	3106.0	22.212	28.22502765	unknown	off
2026-09-20 16:10	225.9	29.7	2923.0	3053.0	24.084	3.2250007000000003	unknown	off
2026-09-20 16:15	227.2	29.1	2764.0	2983.0	24.084	8.2250007	unknown	off
2026-09-20 16:20	228.5	28.6	1919.0	2667.0	24.084	13.2250007	unknown	off
2026-09-20 16:25	229.7	28.0	1067.0	2376.0	24.084	18.2250007	unknown	off
2026-09-20 16:30	231.0	27.4	512.0	2100.0	24.084	23.2250007	unknown	off
2026-09-20 16:35	232.2	26.8	824.0	1892.0	24.084	28.2250007	unknown	off
2026-09-20 16:40	233.4	26.1	846.0	1614.0	24.084	33.225000699999995	unknown	off
2026-09-20 16:45	234.6	25.5	1477.0	1560.0	24.084	38.2250007	unknown	off
2026-09-20 16:50	235.8	24.9	1352.0	1358.0	24.084	43.2250007	unknown	off
2026-09-20 16:55	237.0	24.2	1435.0	1106.0	24.084	48.2250007	unknown	off
2026-09-20 17:00	238.2	23.6	1309.0	1107.0	24.084	53.2250007	unknown	off
2026-09-20 17:05	239.3	22.9	1533.0	1230.0	24.084	58.2250007	unknown	off
2026-09-20 17:10	240.5	22.3	1470.0	1259.0	12.888	3.2240982666666667	24.156	off
2026-09-20 17:15	241.6	21.6	804.0	1222.0	12.888	8.224098266666667	24.156	off
2026-09-20 17:20	242.7	20.9	355.0	1084.0	9.648	3.2239397833333334	24.156	off
2026-09-20 17:25	243.8	20.2	372.0	1097.0	9.648	8.223939783333334	24.156	off
2026-09-20 17:30	244.9	19.5	556.0	897.0	11.268	3.2244599166666665	25.74	off
2026-09-20 17:35	246.0	18.8	672.0	862.0	11.268	8.224459916666667	25.74	off
2026-09-20 17:40	247.1	18.1	570.0	794.0	16.668	3.224657716666667	unknown	off
2026-09-20 17:45	248.2	17.4	393.0	594.0	16.668	8.224657716666666	unknown	off
2026-09-20 17:50	249.3	16.7	773.0	593.0	16.668	13.224657716666666	unknown	off
2026-09-20 17:55	250.3	15.9	1126.0	683.0	16.668	18.224657716666666	unknown	off
2026-09-20 18:00	251.4	15.2	1349.0	786.0	16.668	23.224657716666666	unknown	off
2026-09-20 18:05	252.4	14.5	1169.0	872.0	16.668	28.224657716666666	unknown	off
2026-09-20 18:10	253.5	13.7	1013.0	898.0	16.668	33.22465771666666	unknown	off
2026-09-20 18:15	254.5	13.0	798.0	856.0	16.668	38.22465771666667	unknown	off
2026-09-20 18:20	255.5	12.2	570.0	846.0	16.668	43.22465771666667	unknown	off
2026-09-20 18:25	256.5	11.5	480.0	874.0	16.668	48.22465771666667	unknown	off
2026-09-20 18:30	257.6	10.7	435.0	856.0	16.668	53.22465771666667	unknown	off
2026-09-20 18:35	258.6	10.0	362.0	704.0	16.668	58.22465771666667	unknown	off
2026-09-20 18:40	259.6	9.2	290.0	592.0	16.668	63.22465771666667	unknown	off
2026-09-20 18:45	260.6	8.5	242.0	488.0	16.668	68.22465771666667	unknown	off
2026-09-20 18:50	261.6	7.7	226.0	388.0	16.668	73.22465771666666	unknown	off
2026-09-20 18:55	262.6	6.9	170.0	313.0	16.668	78.22465771666666	unknown	off
2026-09-20 19:00	263.6	6.2	126.0	269.0	16.668	83.22465771666666	unknown	off
2026-09-20 19:05	264.6	5.4	122.0	234.0	16.668	88.22465771666666	unknown	off
2026-09-20 19:10	265.5	4.6	96.0	187.0	16.668	93.22465771666666	unknown	off
2026-09-20 19:15	266.5	3.8	75.0	148.0	16.668	98.22465771666666	unknown	off
2026-09-20 19:20	267.5	3.1	57.0	134.0	16.668	103.22465771666666	unknown	off
2026-09-20 19:25	268.5	2.3	49.0	105.0	16.668	108.22465771666666	unknown	off
2026-09-20 19:30	269.5	1.5	38.0	79.0	16.668	113.22465771666666	unknown	off
2026-09-20 19:35	270.5	0.8	22.0	67.0	16.668	118.22465771666666	unknown	off
2026-09-20 19:40	271.5	-0.0	8.0	51.0	9.252	3.225053533333333	unknown	off
2026-09-20 19:45	272.4	-0.8	2.0	38.0	9.252	8.225053533333334	unknown	off
2026-09-20 19:50	273.4	-1.6	0.0	27.0	9.252	13.225053533333332	unknown	off
2026-09-20 19:55	274.4	-2.3	0.0	19.0	9.252	18.225053533333334	unknown	off
2026-09-20 20:00	275.4	-3.1	0.0	13.0	9.252	23.225053533333334	unknown	off
2026-09-20 20:05	276.4	-3.9	0.0	7.0	9.252	28.225053533333334	unknown	off
2026-09-20 20:10	277.4	-4.6	0.0	2.0	3.204	3.2246436666666667	6.444	off
2026-09-20 20:15	278.4	-5.4	0.0	1.0	3.204	8.224643666666667	6.444	off
2026-09-20 20:20	279.4	-6.2	0.0	0.0	7.416	3.2247777833333333	unknown	off
2026-09-20 20:25	280.3	-6.9	0.0	0.0	7.416	8.224777783333334	unknown	off
2026-09-20 20:30	281.4	-7.7	0.0	0.0	7.416	13.224777783333334	unknown	off
2026-09-20 20:35	282.4	-8.4	0.0	0.0	7.416	18.22477778333333	unknown	off
2026-09-20 20:40	283.4	-9.2	0.0	0.0	7.416	23.22477778333333	unknown	off
2026-09-20 20:45	284.4	-10.0	0.0	0.0	7.416	28.22477778333333	unknown	off
2026-09-20 20:50	285.4	-10.7	0.0	0.0	7.416	33.22477778333333	unknown	on
2026-09-20 20:55	286.4	-11.4	0.0	0.0	7.416	38.22477778333334	unknown	on
2026-09-20 21:00	287.5	-12.2	0.0	0.0	7.416	43.22477778333334	unknown	on
2026-09-20 21:05	288.5	-12.9	0.0	0.0	7.416	48.22477778333334	unknown	on
2026-09-20 21:10	289.5	-13.6	0.0	0.0	1.62	3.2242753833333335	3.204	on
2026-09-20 21:15	290.6	-14.4	0.0	0.0	1.62	8.224275383333334	3.204	on
2026-09-20 21:20	291.6	-15.1	0.0	0.0	7.488	3.224548083333333	14.256	on
2026-09-20 21:25	292.7	-15.8	0.0	0.0	7.488	8.224548083333334	14.256	on
2026-09-20 21:30	293.8	-16.5	0.0	0.0	7.488	13.224548083333334	14.256	on
2026-09-20 21:35	294.8	-17.2	0.0	0.0	7.488	18.22454808333333	14.256	on
2026-09-20 21:40	295.9	-17.9	0.0	0.0	6.624	3.2241516833333335	12.456	on
2026-09-20 21:45	297.0	-18.6	0.0	0.0	6.624	8.224151683333334	12.456	off
2026-09-20 21:50	298.1	-19.3	0.0	0.0	7.416	3.2239755333333333	unknown	off
2026-09-20 21:55	299.2	-20.0	0.0	0.0	7.416	8.223975533333334	unknown	off
2026-09-20 22:00	300.4	-20.7	0.0	0.0	7.416	13.223975533333334	unknown	off
2026-09-20 22:05	301.5	-21.3	0.0	0.0	7.416	18.22397553333333	unknown	off
2026-09-20 22:10	302.7	-22.0	0.0	0.0	1.62	3.2240905166666667	1.62	off
2026-09-20 22:15	303.8	-22.6	0.0	0.0	1.62	8.224090516666667	1.62	off
2026-09-20 22:20	305.0	-23.3	0.0	0.0	6.624	3.22455275	12.456	off
2026-09-20 22:25	306.2	-23.9	0.0	0.0	6.624	8.224552749999999	12.456	off
2026-09-20 22:30	307.3	-24.5	0.0	0.0	1.62	3.2242168	3.204	off
2026-09-20 22:35	308.5	-25.1	0.0	0.0	1.62	8.2242168	3.204	off
2026-09-20 22:40	309.8	-25.7	0.0	0.0	5.544	3.2240013666666667	unknown	off
2026-09-20 22:45	311.0	-26.3	0.0	0.0	5.544	8.224001366666666	unknown	off
2026-09-20 22:50	312.2	-26.9	0.0	0.0	5.544	13.224001366666666	unknown	off
2026-09-20 22:55	313.5	-27.5	0.0	0.0	5.544	18.224001366666666	unknown	off
2026-09-20 23:00	314.7	-28.0	0.0	0.0	5.544	23.224001366666666	unknown	off
2026-09-20 23:05	316.0	-28.6	0.0	0.0	5.544	28.224001366666666	unknown	off
2026-09-20 23:10	317.3	-29.1	0.0	0.0	7.416	3.224200783333333	unknown	off
2026-09-20 23:15	318.6	-29.6	0.0	0.0	7.416	8.224200783333334	unknown	off
2026-09-20 23:20	319.9	-30.1	0.0	0.0	7.416	13.224200783333334	unknown	off
2026-09-20 23:25	321.3	-30.6	0.0	0.0	7.416	18.224200783333334	unknown	off
2026-09-20 23:30	322.6	-31.1	0.0	0.0	7.416	23.224200783333334	unknown	off
2026-09-20 23:35	324.0	-31.5	0.0	0.0	7.416	28.224200783333334	unknown	off
2026-09-20 23:40	325.4	-32.0	0.0	0.0	7.416	33.22420078333333	unknown	off
2026-09-20 23:45	326.7	-32.4	0.0	0.0	7.416	38.22420078333334	unknown	off
2026-09-20 23:50	328.1	-32.8	0.0	0.0	7.416	43.22420078333334	unknown	off
2026-09-20 23:55	329.5	-33.2	0.0	0.0	7.416	48.22420078333334	unknown	off
2026-09-21 00:00	331.0	-33.6	0.0	0.0	7.416	0.0	unknown	off
2026-09-21 00:05	332.4	-34.0	0.0	0.0	7.416	5.0	unknown	off
2026-09-21 00:10	333.9	-34.3	0.0	0.0	7.416	10.0	unknown	off
2026-09-21 00:15	335.3	-34.7	0.0	0.0	7.416	15.0	unknown	off
2026-09-21 00:20	336.8	-35.0	0.0	0.0	7.416	20.0	unknown	off
2026-09-21 00:25	338.3	-35.3	0.0	0.0	7.416	25.0	unknown	off
2026-09-21 00:30	339.8	-35.6	0.0	0.0	7.416	30.0	unknown	off
2026-09-21 00:35	341.3	-35.8	0.0	0.0	7.416	35.0	unknown	off
2026-09-21 00:40	342.8	-36.1	0.0	0.0	5.544	3.225269	unknown	off
2026-09-21 00:45	344.3	-36.3	0.0	0.0	5.544	8.225269	unknown	off
2026-09-21 00:50	345.9	-36.5	0.0	0.0	5.544	13.225268999999999	unknown	off
2026-09-21 00:55	347.4	-36.7	0.0	0.0	5.544	18.225269	unknown	off
2026-09-21 01:00	348.9	-36.8	0.0	0.0	5.544	23.225269	unknown	off
2026-09-21 01:05	350.5	-37.0	0.0	0.0	5.544	28.225269	unknown	off
2026-09-21 01:10	352.1	-37.1	0.0	0.0	7.416	3.22409845	unknown	off
2026-09-21 01:15	353.6	-37.2	0.0	0.0	7.416	8.22409845	unknown	off
2026-09-21 01:20	355.2	-37.2	0.0	0.0	7.416	13.224098450000001	unknown	off
2026-09-21 01:25	356.8	-37.3	0.0	0.0	7.416	18.22409845	unknown	off
2026-09-21 01:30	358.3	-37.3	0.0	0.0	7.416	23.22409845	unknown	off
2026-09-21 01:35	359.9	-37.4	0.0	0.0	7.416	28.22409845	unknown	off
2026-09-21 01:40	1.5	-37.3	0.0	0.0	5.544	3.2205588666666665	unknown	off
2026-09-21 01:45	3.0	-37.3	0.0	0.0	5.544	8.220558866666668	unknown	off
2026-09-21 01:50	4.6	-37.3	0.0	0.0	5.544	13.220558866666666	unknown	off
2026-09-21 01:55	6.2	-37.2	0.0	0.0	5.544	18.220558866666668	unknown	off
2026-09-21 02:00	7.8	-37.1	0.0	0.0	5.544	23.220558866666668	unknown	off
2026-09-21 02:05	9.3	-37.0	0.0	0.0	5.544	28.220558866666668	unknown	off
2026-09-21 02:10	10.9	-36.9	0.0	0.0	7.416	3.2247915833333334	unknown	off
2026-09-21 02:15	12.4	-36.7	0.0	0.0	7.416	8.224791583333333	unknown	off
2026-09-21 02:20	14.0	-36.5	0.0	0.0	7.416	13.224791583333333	unknown	off
2026-09-21 02:25	15.5	-36.3	0.0	0.0	7.416	18.224791583333335	unknown	off
2026-09-21 02:30	17.0	-36.1	0.0	0.0	7.416	23.224791583333335	unknown	off
2026-09-21 02:35	18.5	-35.9	0.0	0.0	7.416	28.224791583333335	unknown	off
2026-09-21 02:40	20.0	-35.6	0.0	0.0	7.416	33.224791583333335	unknown	off
2026-09-21 02:45	21.5	-35.4	0.0	0.0	7.416	38.22479158333333	unknown	off
2026-09-21 02:50	23.0	-35.1	0.0	0.0	7.416	43.22479158333333	unknown	off
2026-09-21 02:55	24.5	-34.8	0.0	0.0	7.416	48.22479158333333	unknown	off
2026-09-21 03:00	26.0	-34.4	0.0	0.0	7.416	53.22479158333333	unknown	off
2026-09-21 03:05	27.4	-34.1	0.0	0.0	7.416	58.22479158333333	unknown	off
2026-09-21 03:10	28.9	-33.7	0.0	0.0	7.416	63.22479158333333	unknown	off
2026-09-21 03:15	30.3	-33.3	0.0	0.0	7.416	68.22479158333333	unknown	off
2026-09-21 03:20	31.7	-32.9	0.0	0.0	7.416	73.22479158333334	unknown	off
2026-09-21 03:25	33.1	-32.5	0.0	0.0	7.416	78.22479158333334	unknown	off
2026-09-21 03:30	34.5	-32.1	0.0	0.0	7.416	83.22479158333334	unknown	off
2026-09-21 03:35	35.9	-31.7	0.0	0.0	7.416	88.22479158333334	unknown	off
2026-09-21 03:40	37.2	-31.2	0.0	0.0	7.416	93.22479158333334	unknown	off
2026-09-21 03:45	38.6	-30.7	0.0	0.0	7.416	98.22479158333334	unknown	off
2026-09-21 03:50	39.9	-30.2	0.0	0.0	7.416	103.22479158333334	unknown	off
2026-09-21 03:55	41.3	-29.7	0.0	0.0	7.416	108.22479158333334	unknown	off
2026-09-21 04:00	42.6	-29.2	0.0	0.0	7.416	113.22479158333334	unknown	off
2026-09-21 04:05	43.9	-28.7	0.0	0.0	7.416	118.22479158333334	unknown	off
2026-09-21 04:10	45.1	-28.2	0.0	0.0	7.416	123.22479158333334	unknown	off
2026-09-21 04:15	46.4	-27.6	0.0	0.0	7.416	128.22479158333334	unknown	off
2026-09-21 04:20	47.7	-27.0	0.0	0.0	7.416	133.22479158333334	unknown	off
2026-09-21 04:25	48.9	-26.5	0.0	0.0	7.416	138.2247915833333	unknown	off
2026-09-21 04:30	50.1	-25.9	0.0	0.0	7.416	143.2247915833333	unknown	off
2026-09-21 04:35	51.4	-25.3	0.0	0.0	7.416	148.2247915833333	unknown	off
2026-09-21 04:40	52.6	-24.7	0.0	0.0	5.544	3.22443635	unknown	off
2026-09-21 04:45	53.8	-24.1	0.0	0.0	5.544	8.22443635	unknown	off
2026-09-21 04:50	54.9	-23.4	0.0	0.0	5.544	13.22443635	unknown	off
2026-09-21 04:55	56.1	-22.8	0.0	0.0	5.544	18.22443635	unknown	off
2026-09-21 05:00	57.3	-22.1	0.0	0.0	5.544	23.22443635	unknown	off
2026-09-21 05:05	58.4	-21.5	0.0	0.0	5.544	28.22443635	unknown	off
2026-09-21 05:10	59.6	-20.8	0.0	0.0	3.708	3.2252886666666667	unknown	off
2026-09-21 05:15	60.7	-20.2	0.0	0.0	3.708	8.225288666666666	unknown	off
2026-09-21 05:20	61.8	-19.5	0.0	0.0	3.708	13.225288666666668	unknown	off
2026-09-21 05:25	62.9	-18.8	0.0	0.0	3.708	18.225288666666664	unknown	off
2026-09-21 05:30	64.0	-18.1	0.0	0.0	3.708	23.225288666666664	unknown	off
2026-09-21 05:35	65.1	-17.4	0.0	0.0	3.708	28.225288666666664	unknown	off
2026-09-21 05:40	66.2	-16.7	0.0	0.0	3.708	33.225288666666664	unknown	off
2026-09-21 05:45	67.3	-16.0	0.0	0.0	3.708	38.225288666666664	unknown	off
2026-09-21 05:50	68.3	-15.3	0.0	0.0	3.708	43.225288666666664	unknown	off
2026-09-21 05:55	69.4	-14.6	0.0	0.0	3.708	48.225288666666664	unknown	off
2026-09-21 06:00	70.4	-13.9	0.0	0.0	3.708	53.225288666666664	unknown	off
2026-09-21 06:05	71.5	-13.1	0.0	0.0	3.708	58.225288666666664	unknown	off
2026-09-21 06:10	72.5	-12.4	0.0	0.0	1.836	3.2250983333333334	unknown	off
2026-09-21 06:15	73.5	-11.7	0.0	0.0	1.836	8.225098333333333	unknown	off
2026-09-21 06:20	74.6	-10.9	0.0	0.0	1.836	13.225098333333333	unknown	off
2026-09-21 06:25	75.6	-10.2	0.0	0.0	1.836	18.225098333333335	unknown	off
2026-09-21 06:30	76.6	-9.4	0.0	0.0	1.836	23.225098333333335	unknown	off
2026-09-21 06:35	77.6	-8.7	0.0	0.0	1.836	28.225098333333335	unknown	off
2026-09-21 06:40	78.6	-7.9	0.0	0.0	3.708	3.2249655166666664	unknown	off
2026-09-21 06:45	79.6	-7.2	0.0	0.0	3.708	8.224965516666666	unknown	off
2026-09-21 06:50	80.6	-6.4	0.0	0.0	3.708	13.224965516666666	unknown	off
2026-09-21 06:55	81.6	-5.6	0.0	0.0	3.708	18.224965516666668	unknown	off
2026-09-21 07:00	82.6	-4.9	0.0	0.0	3.708	23.224965516666668	unknown	off
2026-09-21 07:05	83.6	-4.1	0.0	0.0	3.708	28.224965516666668	unknown	off
2026-09-21 07:10	84.6	-3.3	0.0	0.0	5.544	3.2253419500000002	unknown	off
2026-09-21 07:15	85.6	-2.6	0.0	0.0	5.544	8.225341949999999	unknown	off
2026-09-21 07:20	86.6	-1.8	0.0	0.0	5.544	13.22534195	unknown	off
2026-09-21 07:25	87.6	-1.0	0.0	0.0	5.544	18.225341949999997	unknown	off
2026-09-21 07:30	88.5	-0.3	0.0	0.0	5.544	23.225341949999997	unknown	off
2026-09-21 07:35	89.5	0.5	0.0	0.0	5.544	28.225341949999997	unknown	off
2026-09-21 07:40	90.5	1.3	0.0	0.0	7.416	3.2248333666666666	unknown	off
2026-09-21 07:45	91.5	2.1	0.0	0.0	7.416	8.224833366666667	unknown	off
2026-09-21 07:50	92.5	2.8	0.0	0.0	7.416	13.224833366666667	unknown	off
2026-09-21 07:55	93.5	3.6	0.0	0.0	7.416	18.224833366666665	unknown	off
2026-09-21 08:00	94.5	4.4	0.0	0.0	7.416	23.224833366666665	unknown	off
2026-09-21 08:05	95.4	5.1	0.0	0.0	7.416	28.224833366666665	unknown	off
2026-09-21 08:10	96.4	5.9	0.0	0.0	5.544	3.22434075	unknown	off
2026-09-21 08:15	97.4	6.7	20.0	7.0	5.544	8.22434075	unknown	off
2026-09-21 08:20	98.4	7.4	59.0	19.0	5.544	13.224340750000001	unknown	off
2026-09-21 08:25	99.4	8.2	111.0	36.0	5.544	18.22434075	unknown	off
2026-09-21 08:30	100.4	8.9	162.0	60.0	5.544	23.22434075	unknown	off
2026-09-21 08:35	101.4	9.7	226.0	94.0	5.544	28.22434075	unknown	on
2026-09-21 08:40	102.5	10.5	266.0	125.0	7.416	3.2250056833333334	unknown	on
2026-09-21 08:45	103.5	11.2	355.0	179.0	7.416	8.225005683333332	unknown	on
2026-09-21 08:50	104.5	12.0	434.0	239.0	7.416	13.225005683333334	unknown	on
2026-09-21 08:55	105.5	12.7	542.0	306.0	7.416	18.225005683333332	unknown	on
2026-09-21 09:00	106.6	13.4	576.0	365.0	7.416	23.225005683333332	unknown	off
2026-09-21 09:05	107.6	14.2	570.0	410.0	7.416	28.225005683333332	unknown	off
2026-09-21 09:10	108.6	14.9	549.0	452.0	7.416	33.22500568333333	unknown	off
2026-09-21 09:15	109.7	15.6	507.0	480.0	7.416	38.22500568333333	unknown	on
2026-09-21 09:20	110.8	16.4	529.0	511.0	7.416	43.22500568333333	unknown	on
2026-09-21 09:25	111.8	17.1	685.0	595.0	7.416	48.22500568333333	unknown	on
2026-09-21 09:30	112.9	17.8	894.0	656.0	7.416	53.22500568333333	unknown	on
2026-09-21 09:35	114.0	18.5	1079.0	724.0	7.416	58.22500568333333	unknown	on
2026-09-21 09:40	115.1	19.2	1121.0	789.0	5.544	3.2247473166666665	unknown	on
2026-09-21 09:45	116.2	19.9	1192.0	864.0	5.544	8.224747316666667	unknown	on
2026-09-21 09:50	117.3	20.6	1258.0	956.0	5.544	13.224747316666667	unknown	on
2026-09-21 09:55	118.4	21.3	1351.0	1055.0	5.544	18.224747316666665	unknown	on
2026-09-21 10:00	119.6	21.9	1447.0	1179.0	5.544	23.224747316666665	unknown	on
2026-09-21 10:05	120.7	22.6	1502.0	1280.0	5.544	28.224747316666665	unknown	on
2026-09-21 10:10	121.8	23.3	1560.0	1345.0	11.124	3.2236732	unknown	on
2026-09-21 10:15	123.0	23.9	1618.0	1419.0	11.124	8.2236732	unknown	on
2026-09-21 10:20	124.2	24.6	1716.0	1492.0	11.124	13.2236732	unknown	on
2026-09-21 10:25	125.4	25.2	1609.0	1509.0	11.124	18.2236732	unknown	on
2026-09-21 10:30	126.6	25.8	1589.0	1552.0	11.124	23.2236732	unknown	on
2026-09-21 10:35	127.8	26.4	1565.0	1597.0	11.124	28.2236732	unknown	on
2026-09-21 10:40	129.0	27.0	1790.0	1656.0	11.124	33.2236732	unknown	on
2026-09-21 10:45	130.3	27.6	1948.0	1719.0	11.124	38.2236732	unknown	on
2026-09-21 10:50	131.5	28.2	2092.0	1794.0	11.124	43.2236732	unknown	on
2026-09-21 10:55	132.8	28.8	2039.0	1815.0	11.124	48.2236732	unknown	on
2026-09-21 11:00	134.1	29.3	1894.0	1815.0	11.124	53.2236732	unknown	on
2026-09-21 11:05	135.3	29.9	1794.0	1823.0	11.124	58.2236732	unknown	on
2026-09-21 11:10	136.7	30.4	1651.0	1815.0	11.124	63.2236732	unknown	on
2026-09-21 11:15	138.0	31.0	1395.0	1753.0	11.124	68.2236732	unknown	on
2026-09-21 11:20	139.3	31.5	1192.0	1699.0	11.124	73.2236732	unknown	on
2026-09-21 11:25	140.7	32.0	1048.0	1572.0	11.124	78.2236732	unknown	on
2026-09-21 11:30	142.0	32.4	1264.0	1525.0	11.124	83.2236732	unknown	on
2026-09-21 11:35	143.4	32.9	1388.0	1453.0	11.124	88.2236732	unknown	on
2026-09-21 11:40	144.8	33.4	1467.0	1385.0	12.96	3.2249332666666666	unknown	on
2026-09-21 11:45	146.2	33.8	1224.0	1293.0	12.96	8.224933266666666	unknown	on
2026-09-21 11:50	147.6	34.2	1145.0	1232.0	12.96	13.224933266666666	unknown	on
2026-09-21 11:55	149.1	34.6	1177.0	1225.0	12.96	18.224933266666667	unknown	on
2026-09-21 12:00	150.5	35.0	1433.0	1294.0	12.96	23.224933266666667	unknown	on
2026-09-21 12:05	152.0	35.4	1636.0	1391.0	12.96	28.224933266666667	unknown	on
2026-09-21 12:10	153.4	35.7	1913.0	1510.0	12.96	33.22493326666667	unknown	on
2026-09-21 12:15	154.9	36.1	2118.0	1586.0	12.96	38.22493326666667	unknown	on
2026-09-21 12:20	156.4	36.4	2202.0	1674.0	12.96	43.22493326666667	unknown	off
2026-09-21 12:25	157.9	36.7	2424.0	1832.0	12.96	48.22493326666667	unknown	off
2026-09-21 12:30	159.5	37.0	2431.0	1994.0	12.96	53.22493326666667	unknown	off
2026-09-21 12:35	161.0	37.2	2126.0	2000.0	12.96	58.22493326666667	unknown	off
2026-09-21 12:40	162.5	37.5	2027.0	2129.0	14.832	3.2246688833333335	unknown	off
2026-09-21 12:45	164.1	37.7	1790.0	2116.0	14.832	8.224668883333333	unknown	off
2026-09-21 12:50	165.6	37.9	1612.0	1974.0	14.832	13.224668883333333	unknown	off
2026-09-21 12:55	167.2	38.1	1519.0	2003.0	14.832	18.224668883333333	unknown	off
2026-09-21 13:00	168.8	38.2	1947.0	2046.0	14.832	23.224668883333333	unknown	off
2026-09-21 13:05	170.4	38.4	2590.0	2084.0	14.832	28.224668883333333	unknown	off
2026-09-21 13:10	172.0	38.5	2753.0	2110.0	11.124	3.22530725	unknown	off
2026-09-21 13:15	173.6	38.6	2810.0	2175.0	11.124	8.22530725	unknown	off
2026-09-21 13:20	175.2	38.6	2792.0	2322.0	11.124	13.225307249999998	unknown	off
2026-09-21 13:25	176.8	38.7	2286.0	2199.0	11.124	18.22530725	unknown	off
2026-09-21 13:30	178.4	38.7	1779.0	2190.0	11.124	23.22530725	unknown	off
2026-09-21 13:35	180.0	38.7	1640.0	2336.0	11.124	28.22530725	unknown	off
2026-09-21 13:40	181.6	38.7	2121.0	2374.0	9.648	3.224487766666667	17.712	off
2026-09-21 13:45	183.2	38.7	2676.0	2404.0	9.648	8.224487766666666	17.712	off
2026-09-21 13:50	184.8	38.6	2839.0	2410.0	8.064	3.22448835	14.472	off
2026-09-21 13:55	186.4	38.6	2258.0	2215.0	8.064	8.22448835	14.472	off
2026-09-21 14:00	188.0	38.5	1944.0	2124.0	8.064	13.22448835	14.472	off
2026-09-21 14:05	189.5	38.3	1628.0	2044.0	8.064	18.22448835	14.472	off
2026-09-21 14:10	191.1	38.2	2117.0	2161.0	11.124	3.2251810666666665	unknown	off
2026-09-21 14:15	192.7	38.0	2405.0	2326.0	11.124	8.225181066666668	unknown	off
2026-09-21 14:20	194.3	37.9	2738.0	2415.0	11.124	13.225181066666666	unknown	off
2026-09-21 14:25	195.8	37.7	3039.0	2462.0	11.124	18.225181066666668	unknown	off
2026-09-21 14:30	197.4	37.4	2424.0	2245.0	11.124	23.225181066666668	unknown	off
2026-09-21 14:35	198.9	37.2	2065.0	2167.0	11.124	28.225181066666668	unknown	off
2026-09-21 14:40	200.5	36.9	1531.0	2223.0	12.96	3.222779983333333	unknown	off
2026-09-21 14:45	202.0	36.7	2163.0	2340.0	12.96	8.222779983333334	unknown	off
2026-09-21 14:50	203.5	36.4	2561.0	2446.0	12.96	13.222779983333334	unknown	off
2026-09-21 14:55	205.0	36.0	2968.0	2501.0	12.96	18.222779983333332	unknown	off
2026-09-21 15:00	206.5	35.7	2502.0	2377.0	12.96	23.222779983333332	unknown	off
2026-09-21 15:05	207.9	35.3	2399.0	2333.0	12.96	28.222779983333332	unknown	off
2026-09-21 15:10	209.4	35.0	2293.0	2273.0	12.96	33.22277998333333	unknown	off
2026-09-21 15:15	210.9	34.6	2733.0	2456.0	12.96	38.22277998333333	unknown	on
2026-09-21 15:20	212.3	34.2	2743.0	2576.0	12.96	43.22277998333333	unknown	on
2026-09-21 15:25	213.7	33.8	2774.0	2668.0	12.96	48.22277998333333	unknown	on
2026-09-21 15:30	215.1	33.3	2728.0	2638.0	12.96	53.22277998333333	unknown	on
2026-09-21 15:35	216.5	32.9	2547.0	2571.0	12.96	58.22277998333333	unknown	on
2026-09-21 15:40	217.9	32.4	2008.0	2363.0	14.832	3.2244537500000003	unknown	on
2026-09-21 15:45	219.2	31.9	1484.0	2327.0	14.832	8.22445375	unknown	on
2026-09-21 15:50	220.6	31.4	956.0	2078.0	14.832	13.22445375	unknown	on
2026-09-21 15:55	221.9	30.9	1124.0	1987.0	14.832	18.224453750000002	unknown	on
2026-09-21 16:00	223.2	30.4	1616.0	1937.0	14.832	23.224453750000002	unknown	on
2026-09-21 16:05	224.5	29.8	2102.0	1863.0	14.832	28.224453750000002	unknown	on
2026-09-21 16:10	225.8	29.3	2217.0	1801.0	14.832	33.22445375	unknown	on
2026-09-21 16:15	227.1	28.7	1978.0	1690.0	14.832	38.224453749999995	unknown	on
2026-09-21 16:20	228.4	28.2	2052.0	1713.0	14.832	43.224453749999995	unknown	on
2026-09-21 16:25	229.6	27.6	2065.0	1796.0	14.832	48.224453749999995	unknown	on
2026-09-21 16:30	230.9	27.0	1940.0	1859.0	14.832	53.224453749999995	unknown	on
2026-09-21 16:35	232.1	26.4	1966.0	2024.0	14.832	58.224453749999995	unknown	on
2026-09-21 16:40	233.3	25.8	2113.0	2117.0	14.832	63.224453749999995	unknown	on
2026-09-21 16:45	234.5	25.1	2349.0	2095.0	14.832	68.22445375	unknown	on
2026-09-21 16:50	235.7	24.5	2291.0	2089.0	14.832	73.22445375000001	unknown	on
2026-09-21 16:55	236.9	23.9	2210.0	2134.0	14.832	78.22445375000001	unknown	on
2026-09-21 17:00	238.0	23.2	2112.0	2137.0	14.832	83.22445375000001	unknown	on
2026-09-21 17:05	239.2	22.6	2059.0	2108.0	14.832	88.22445375000001	unknown	on
2026-09-21 17:10	240.3	21.9	1987.0	2106.0	11.124	3.2245721	unknown	on
2026-09-21 17:15	241.5	21.2	1918.0	2127.0	11.124	8.2245721	unknown	on
2026-09-21 17:20	242.6	20.5	1849.0	2065.0	11.124	13.2245721	unknown	on
2026-09-21 17:25	243.7	19.8	1784.0	1993.0	11.124	18.2245721	unknown	on
2026-09-21 17:30	244.8	19.1	1717.0	1916.0	11.124	23.2245721	unknown	on
2026-09-21 17:35	245.9	18.4	1629.0	1845.0	11.124	28.2245721	unknown	on
2026-09-21 17:40	247.0	17.7	1527.0	1766.0	12.96	3.22513395	unknown	on
2026-09-21 17:45	248.0	17.0	1442.0	1693.0	12.96	8.22513395	unknown	on
2026-09-21 17:50	249.1	16.3	1379.0	1618.0	12.96	13.225133949999998	unknown	on
2026-09-21 17:55	250.2	15.6	1300.0	1537.0	12.96	18.22513395	unknown	on
2026-09-21 18:00	251.2	14.8	1189.0	1450.0	12.96	23.22513395	unknown	on
2026-09-21 18:05	252.3	14.1	1040.0	1349.0	12.96	28.22513395	unknown	on
2026-09-21 18:10	253.3	13.4	893.0	1240.0	11.124	3.22531335	unknown	on
2026-09-21 18:15	254.3	12.6	733.0	1123.0	11.124	8.22531335	unknown	on
2026-09-21 18:20	255.4	11.9	703.0	1040.0	11.124	13.22531335	unknown	off
2026-09-21 18:25	256.4	11.1	688.0	958.0	11.124	18.22531335	unknown	off
2026-09-21 18:30	257.4	10.4	652.0	859.0	11.124	23.22531335	unknown	off
2026-09-21 18:35	258.4	9.6	517.0	753.0	11.124	28.22531335	unknown	off
2026-09-21 18:40	259.4	8.9	386.0	654.0	9.252	3.2245988000000003	unknown	off
2026-09-21 18:45	260.4	8.1	287.0	559.0	9.252	8.2245988	unknown	off
2026-09-21 18:50	261.4	7.3	203.0	476.0	9.252	13.224598799999999	unknown	off
2026-09-21 18:55	262.4	6.6	147.0	407.0	9.252	18.224598800000003	unknown	off
2026-09-21 19:00	263.4	5.8	112.0	349.0	9.252	23.224598800000003	unknown	off
2026-09-21 19:05	264.4	5.0	98.0	271.0	9.252	28.224598800000003	unknown	off
2026-09-21 19:10	265.4	4.3	84.0	205.0	11.124	3.224757683333333	unknown	off
2026-09-21 19:15	266.4	3.5	73.0	157.0	11.124	8.224757683333333	unknown	off
2026-09-21 19:20	267.4	2.7	62.0	121.0	11.124	13.224757683333333	unknown	off
2026-09-21 19:25	268.3	1.9	51.0	94.0	11.124	18.224757683333333	unknown	off
2026-09-21 19:30	269.3	1.2	39.0	75.0	11.124	23.224757683333333	unknown	off
2026-09-21 19:35	270.3	0.4	26.0	62.0	11.124	28.224757683333333	unknown	off
2026-09-21 19:40	271.3	-0.4	15.0	50.0	7.416	3.2246572166666665	unknown	off
2026-09-21 19:45	272.3	-1.1	6.0	39.0	7.416	8.224657216666666	unknown	off
2026-09-21 19:50	273.2	-1.9	2.0	30.0	7.416	13.224657216666666	unknown	off
2026-09-21 19:55	274.2	-2.7	0.0	22.0	7.416	18.224657216666667	unknown	on
2026-09-21 20:00	275.2	-3.5	0.0	15.0	7.416	23.224657216666667	unknown	on
2026-09-21 20:05	276.2	-4.2	0.0	9.0	7.416	28.224657216666667	unknown	on
2026-09-21 20:10	277.2	-5.0	0.0	5.0	5.544	3.2243820333333333	unknown	on
2026-09-21 20:15	278.2	-5.8	0.0	2.0	5.544	8.224382033333333	unknown	on
2026-09-21 20:20	279.2	-6.5	0.0	1.0	5.544	13.224382033333335	unknown	on
2026-09-21 20:25	280.2	-7.3	0.0	0.0	5.544	18.22438203333333	unknown	off
2026-09-21 20:30	281.2	-8.1	0.0	0.0	5.544	23.22438203333333	unknown	off
2026-09-21 20:35	282.2	-8.8	0.0	0.0	5.544	28.22438203333333	unknown	off
2026-09-21 20:40	283.2	-9.6	0.0	0.0	1.836	3.22434045	unknown	off
2026-09-21 20:45	284.2	-10.3	0.0	0.0	1.836	8.22434045	unknown	off
2026-09-21 20:50	285.2	-11.1	0.0	0.0	1.836	13.22434045	unknown	off
2026-09-21 20:55	286.3	-11.8	0.0	0.0	1.836	18.22434045	unknown	off
2026-09-21 21:00	287.3	-12.5	0.0	0.0	1.836	23.22434045	unknown	off
2026-09-21 21:05	288.3	-13.3	0.0	0.0	1.836	28.22434045	unknown	off
2026-09-21 21:10	289.4	-14.0	0.0	0.0	3.708	3.224228166666667	unknown	off
2026-09-21 21:15	290.4	-14.7	0.0	0.0	3.708	8.224228166666666	unknown	off
2026-09-21 21:20	291.5	-15.5	0.0	0.0	3.708	13.224228166666668	unknown	off
2026-09-21 21:25	292.5	-16.2	0.0	0.0	3.708	18.224228166666666	unknown	off
2026-09-21 21:30	293.6	-16.9	0.0	0.0	3.708	23.224228166666666	unknown	off
2026-09-21 21:35	294.7	-17.6	0.0	0.0	3.708	28.224228166666666	unknown	off
2026-09-21 21:40	295.8	-18.3	0.0	0.0	4.464	3.2245847833333334	7.848	off
2026-09-21 21:45	296.9	-19.0	0.0	0.0	4.464	8.224584783333333	7.848	off
2026-09-21 21:50	298.0	-19.7	0.0	0.0	4.464	13.224584783333334	7.848	off
2026-09-21 21:55	299.1	-20.4	0.0	0.0	4.464	18.224584783333334	7.848	off
2026-09-21 22:00	300.2	-21.0	0.0	0.0	4.464	23.224584783333334	7.848	off
2026-09-21 22:05	301.4	-21.7	0.0	0.0	4.464	28.224584783333334	7.848	off
2026-09-21 22:10	302.5	-22.4	0.0	0.0	4.464	33.224584783333334	7.848	off
2026-09-21 22:15	303.7	-23.0	0.0	0.0	4.464	38.22458478333333	7.848	off
2026-09-21 22:20	304.8	-23.6	0.0	0.0	3.708	3.224256416666667	unknown	off
2026-09-21 22:25	306.0	-24.3	0.0	0.0	3.708	8.224256416666666	unknown	off
2026-09-21 22:30	307.2	-24.9	0.0	0.0	3.708	13.224256416666666	unknown	off
2026-09-21 22:35	308.4	-25.5	0.0	0.0	3.708	18.224256416666666	unknown	off
2026-09-21 22:40	309.6	-26.1	0.0	0.0	1.836	3.2241225166666667	unknown	off
2026-09-21 22:45	310.9	-26.7	0.0	0.0	1.836	8.224122516666666	unknown	off
2026-09-21 22:50	312.1	-27.3	0.0	0.0	1.836	13.224122516666666	unknown	off
2026-09-21 22:55	313.4	-27.8	0.0	0.0	1.836	18.224122516666668	unknown	off
2026-09-21 23:00	314.6	-28.4	0.0	0.0	1.836	23.224122516666668	unknown	off
2026-09-21 23:05	315.9	-28.9	0.0	0.0	1.836	28.224122516666668	unknown	off
2026-09-21 23:10	317.2	-29.5	0.0	0.0	1.836	33.22412251666667	unknown	off
2026-09-21 23:15	318.5	-30.0	0.0	0.0	1.836	38.22412251666666	unknown	off
2026-09-21 23:20	319.9	-30.5	0.0	0.0	1.836	43.22412251666666	unknown	off
2026-09-21 23:25	321.2	-31.0	0.0	0.0	1.836	48.22412251666666	unknown	off
2026-09-21 23:30	322.5	-31.5	0.0	0.0	1.836	53.22412251666666	unknown	off
2026-09-21 23:35	323.9	-31.9	0.0	0.0	1.836	58.22412251666666	unknown	off
2026-09-21 23:40	325.3	-32.4	0.0	0.0	1.836	63.22412251666666	unknown	off
2026-09-21 23:45	326.7	-32.8	0.0	0.0	1.836	68.22412251666667	unknown	off
2026-09-21 23:50	328.1	-33.2	0.0	0.0	1.836	73.22412251666667	unknown	off
2026-09-21 23:55	329.5	-33.6	0.0	0.0	1.836	78.22412251666667	unknown	off
2026-09-22 00:00	330.9	-34.0	0.0	0.0	1.836	0.0	unknown	off
2026-09-22 00:05	332.4	-34.4	0.0	0.0	1.836	5.0	unknown	off
2026-09-22 00:10	333.8	-34.7	0.0	0.0	3.348	3.2246528333333333	5.652	off
2026-09-22 00:15	335.3	-35.1	0.0	0.0	3.348	8.224652833333334	5.652	off
2026-09-22 00:20	336.8	-35.4	0.0	0.0	1.836	3.22443765	unknown	off
2026-09-22 00:25	338.3	-35.7	0.0	0.0	1.836	8.22443765	unknown	off
2026-09-22 00:30	339.8	-36.0	0.0	0.0	1.836	13.22443765	unknown	off
2026-09-22 00:35	341.3	-36.2	0.0	0.0	1.836	18.224437650000002	unknown	off
2026-09-22 00:40	342.8	-36.5	0.0	0.0	3.708	3.2243535666666667	unknown	off
2026-09-22 00:45	344.4	-36.7	0.0	0.0	3.708	8.224353566666666	unknown	off
2026-09-22 00:50	345.9	-36.9	0.0	0.0	3.708	13.224353566666668	unknown	off
2026-09-22 00:55	347.4	-37.1	0.0	0.0	3.708	18.224353566666665	unknown	off
2026-09-22 01:00	349.0	-37.2	0.0	0.0	3.708	23.224353566666665	unknown	off
2026-09-22 01:05	350.6	-37.4	0.0	0.0	3.708	28.224353566666665	unknown	off
2026-09-22 01:10	352.1	-37.5	0.0	0.0	3.708	33.224353566666665	unknown	off
2026-09-22 01:15	353.7	-37.6	0.0	0.0	3.708	38.224353566666665	unknown	off
2026-09-22 01:20	355.3	-37.6	0.0	0.0	3.708	43.224353566666665	unknown	off
2026-09-22 01:25	356.9	-37.7	0.0	0.0	3.708	48.224353566666665	unknown	off
2026-09-22 01:30	358.4	-37.7	0.0	0.0	3.708	53.224353566666665	unknown	off
2026-09-22 01:35	0.0	-37.7	0.0	0.0	3.708	58.224353566666665	unknown	off
2026-09-22 01:40	1.6	-37.7	0.0	0.0	0.0	3.207457816666667	unknown	off
2026-09-22 01:45	3.2	-37.7	0.0	0.0	0.0	8.207457816666667	unknown	off
2026-09-22 01:50	4.8	-37.6	0.0	0.0	0.0	13.207457816666667	unknown	off
2026-09-22 01:55	6.3	-37.6	0.0	0.0	0.0	18.207457816666665	unknown	off
2026-09-22 02:00	7.9	-37.5	0.0	0.0	0.0	23.207457816666665	unknown	off
2026-09-22 02:05	9.5	-37.4	0.0	0.0	0.0	28.207457816666665	unknown	off
2026-09-22 02:10	11.0	-37.2	0.0	0.0	1.836	3.2083365	unknown	off
2026-09-22 02:15	12.6	-37.1	0.0	0.0	1.836	8.2083365	unknown	off
2026-09-22 02:20	14.1	-36.9	0.0	0.0	1.836	13.2083365	unknown	off
2026-09-22 02:25	15.7	-36.7	0.0	0.0	1.836	18.208336499999998	unknown	off
2026-09-22 02:30	17.2	-36.5	0.0	0.0	1.836	23.208336499999998	unknown	off
2026-09-22 02:35	18.7	-36.2	0.0	0.0	1.836	28.208336499999998	unknown	off
2026-09-22 02:40	20.3	-36.0	0.0	0.0	1.836	33.2083365	unknown	off
2026-09-22 02:45	21.8	-35.7	0.0	0.0	1.836	38.2083365	unknown	off
2026-09-22 02:50	23.3	-35.4	0.0	0.0	1.836	43.2083365	unknown	off
2026-09-22 02:55	24.7	-35.1	0.0	0.0	1.836	48.2083365	unknown	off
2026-09-22 03:00	26.2	-34.8	0.0	0.0	1.836	53.2083365	unknown	off
2026-09-22 03:05	27.7	-34.4	0.0	0.0	1.836	58.2083365	unknown	off
2026-09-22 03:10	29.1	-34.1	0.0	0.0	3.708	3.2073703833333336	unknown	off
2026-09-22 03:15	30.5	-33.7	0.0	0.0	3.708	8.207370383333334	unknown	off
2026-09-22 03:20	32.0	-33.3	0.0	0.0	3.708	13.207370383333334	unknown	off
2026-09-22 03:25	33.4	-32.9	0.0	0.0	3.708	18.207370383333334	unknown	off
2026-09-22 03:30	34.8	-32.4	0.0	0.0	3.708	23.207370383333334	unknown	off
2026-09-22 03:35	36.1	-32.0	0.0	0.0	3.708	28.207370383333334	unknown	off
2026-09-22 03:40	37.5	-31.5	0.0	0.0	3.708	33.207370383333334	unknown	off
2026-09-22 03:45	38.9	-31.0	0.0	0.0	3.708	38.207370383333334	unknown	off
2026-09-22 03:50	40.2	-30.6	0.0	0.0	3.708	43.207370383333334	unknown	off
2026-09-22 03:55	41.5	-30.1	0.0	0.0	3.708	48.207370383333334	unknown	off
2026-09-22 04:00	42.8	-29.5	0.0	0.0	3.708	53.207370383333334	unknown	off
2026-09-22 04:05	44.1	-29.0	0.0	0.0	3.708	58.207370383333334	unknown	off
2026-09-22 04:10	45.4	-28.5	0.0	0.0	1.836	3.2085743	unknown	off
2026-09-22 04:15	46.7	-27.9	0.0	0.0	1.836	8.2085743	unknown	off
2026-09-22 04:20	48.0	-27.3	0.0	0.0	1.836	13.2085743	unknown	off
2026-09-22 04:25	49.2	-26.8	0.0	0.0	1.836	18.208574300000002	unknown	off
2026-09-22 04:30	50.4	-26.2	0.0	0.0	1.836	23.208574300000002	unknown	off
2026-09-22 04:35	51.6	-25.6	0.0	0.0	1.836	28.208574300000002	unknown	off
2026-09-22 04:40	52.9	-25.0	0.0	0.0	3.708	3.2078029666666668	unknown	off
2026-09-22 04:45	54.1	-24.3	0.0	0.0	3.708	8.207802966666668	unknown	off
2026-09-22 04:50	55.2	-23.7	0.0	0.0	3.708	13.207802966666666	unknown	off
2026-09-22 04:55	56.4	-23.1	0.0	0.0	3.708	18.20780296666667	unknown	off
2026-09-22 05:00	57.6	-22.4	0.0	0.0	3.708	23.20780296666667	unknown	off
2026-09-22 05:05	58.7	-21.8	0.0	0.0	3.708	28.20780296666667	unknown	off
2026-09-22 05:10	59.9	-21.1	0.0	0.0	3.708	33.20780296666667	unknown	off
2026-09-22 05:15	61.0	-20.4	0.0	0.0	3.708	38.20780296666667	unknown	off
2026-09-22 05:20	62.1	-19.8	0.0	0.0	3.708	43.20780296666667	unknown	off
2026-09-22 05:25	63.2	-19.1	0.0	0.0	3.708	48.20780296666667	unknown	off
2026-09-22 05:30	64.3	-18.4	0.0	0.0	3.708	53.20780296666667	unknown	off
2026-09-22 05:35	65.4	-17.7	0.0	0.0	3.708	58.20780296666667	unknown	off
2026-09-22 05:40	66.5	-17.0	0.0	0.0	1.836	3.207651333333333	unknown	off
2026-09-22 05:45	67.6	-16.3	0.0	0.0	1.836	8.207651333333333	unknown	off
2026-09-22 05:50	68.6	-15.6	0.0	0.0	1.836	13.207651333333333	unknown	off
2026-09-22 05:55	69.7	-14.8	0.0	0.0	1.836	18.207651333333335	unknown	off
2026-09-22 06:00	70.7	-14.1	0.0	0.0	1.836	23.207651333333335	unknown	off
2026-09-22 06:05	71.8	-13.4	0.0	0.0	1.836	28.207651333333335	unknown	off
2026-09-22 06:10	72.8	-12.7	0.0	0.0	5.544	3.2076033666666666	unknown	off
2026-09-22 06:15	73.9	-11.9	0.0	0.0	5.544	8.207603366666667	unknown	off
2026-09-22 06:20	74.9	-11.2	0.0	0.0	5.544	13.207603366666666	unknown	off
2026-09-22 06:25	75.9	-10.4	0.0	0.0	5.544	18.207603366666667	unknown	off
2026-09-22 06:30	76.9	-9.7	0.0	0.0	5.544	23.207603366666667	unknown	off
2026-09-22 06:35	77.9	-8.9	0.0	0.0	5.544	28.207603366666667	unknown	off
2026-09-22 06:40	78.9	-8.2	0.0	0.0	5.544	33.20760336666667	unknown	off
2026-09-22 06:45	79.9	-7.4	0.0	0.0	5.544	38.20760336666667	unknown	off
2026-09-22 06:50	80.9	-6.7	0.0	0.0	5.544	43.20760336666667	unknown	off
2026-09-22 06:55	81.9	-5.9	0.0	0.0	5.544	48.20760336666667	unknown	off
2026-09-22 07:00	82.9	-5.1	0.0	0.0	5.544	53.20760336666667	unknown	off
2026-09-22 07:05	83.9	-4.4	0.0	0.0	5.544	58.20760336666667	unknown	off
2026-09-22 07:10	84.9	-3.6	0.0	0.0	3.708	3.20848995	unknown	off
2026-09-22 07:15	85.9	-2.8	0.0	0.0	3.708	8.208489949999999	unknown	off
2026-09-22 07:20	86.9	-2.1	0.0	0.0	3.708	13.20848995	unknown	off
2026-09-22 07:25	87.9	-1.3	0.0	0.0	3.708	18.20848995	unknown	off
2026-09-22 07:30	88.9	-0.5	0.0	0.0	3.708	23.20848995	unknown	off
2026-09-22 07:35	89.8	0.3	0.0	0.0	3.708	28.20848995	unknown	off
2026-09-22 07:40	90.8	1.0	0.0	0.0	5.544	3.2079366333333335	unknown	off
2026-09-22 07:45	91.8	1.8	0.0	0.0	5.544	8.207936633333334	unknown	off
2026-09-22 07:50	92.8	2.6	0.0	0.0	5.544	13.207936633333333	unknown	on
2026-09-22 07:55	93.8	3.3	0.0	0.0	5.544	18.207936633333336	unknown	on
2026-09-22 08:00	94.8	4.1	0.0	0.0	5.544	23.207936633333336	unknown	on
2026-09-22 08:05	95.8	4.9	0.0	0.0	5.544	28.207936633333336	unknown	on
2026-09-22 08:10	96.7	5.6	0.0	0.0	5.544	33.20793663333333	unknown	on
2026-09-22 08:15	97.7	6.4	0.0	0.0	5.544	38.20793663333333	unknown	off
2026-09-22 08:20	98.7	7.2	0.0	0.0	5.544	43.20793663333333	unknown	off
2026-09-22 08:25	99.7	7.9	6.0	2.0	5.544	48.20793663333333	unknown	off
2026-09-22 08:30	100.7	8.7	48.0	16.0	5.544	53.20793663333333	unknown	off
2026-09-22 08:35	101.8	9.4	100.0	33.0	5.544	58.20793663333333	unknown	off
2026-09-22 08:40	102.8	10.2	157.0	54.0	5.544	63.20793663333333	unknown	off
2026-09-22 08:45	103.8	11.0	186.0	78.0	5.544	68.20793663333333	unknown	off
2026-09-22 08:50	104.8	11.7	208.0	102.0	5.544	73.20793663333333	unknown	off
2026-09-22 08:55	105.8	12.4	231.0	132.0	5.544	78.20793663333333	unknown	off
2026-09-22 09:00	106.9	13.2	245.0	160.0	5.544	83.20793663333333	unknown	off
2026-09-22 09:05	107.9	13.9	256.0	188.0	5.544	88.20793663333333	unknown	off
2026-09-22 09:10	109.0	14.7	267.0	219.0	5.544	93.20793663333333	unknown	off
2026-09-22 09:15	110.0	15.4	297.0	242.0	5.544	98.20793663333333	unknown	off
2026-09-22 09:20	111.1	16.1	335.0	266.0	5.544	103.20793663333333	unknown	off
2026-09-22 09:25	112.1	16.8	413.0	304.0	5.544	108.20793663333333	unknown	off
2026-09-22 09:30	113.2	17.5	457.0	332.0	5.544	113.20793663333333	unknown	off
2026-09-22 09:35	114.3	18.2	557.0	382.0	5.544	118.20793663333333	unknown	off
2026-09-22 09:40	115.4	18.9	589.0	423.0	5.544	123.20793663333333	unknown	on
2026-09-22 09:45	116.5	19.6	594.0	449.0	5.544	128.20793663333333	unknown	on
2026-09-22 09:50	117.6	20.3	645.0	514.0	5.544	133.20793663333333	unknown	on
2026-09-22 09:55	118.7	21.0	756.0	584.0	5.544	138.20793663333333	unknown	on
2026-09-22 10:00	119.9	21.7	858.0	633.0	5.544	143.20793663333333	unknown	on
2026-09-22 10:05	121.0	22.3	848.0	691.0	5.544	148.20793663333333	unknown	on
2026-09-22 10:10	122.2	23.0	784.0	709.0	5.544	153.20793663333333	unknown	on
2026-09-22 10:15	123.3	23.6	721.0	724.0	5.544	158.20793663333333	unknown	on
2026-09-22 10:20	124.5	24.3	630.0	715.0	5.544	163.20793663333333	unknown	on
2026-09-22 10:25	125.7	24.9	598.0	714.0	5.544	168.20793663333333	unknown	on
2026-09-22 10:30	126.9	25.5	581.0	720.0	5.544	173.20793663333333	unknown	on
2026-09-22 10:35	128.1	26.1	559.0	679.0	5.544	178.20793663333333	unknown	on
2026-09-22 10:40	129.3	26.7	533.0	637.0	5.544	183.20793663333333	unknown	on
2026-09-22 10:45	130.6	27.3	526.0	608.0	5.544	188.20793663333333	unknown	on
2026-09-22 10:50	131.8	27.9	532.0	574.0	5.544	193.20793663333333	unknown	on
2026-09-22 10:55	133.1	28.5	566.0	564.0	5.544	198.20793663333333	unknown	on
2026-09-22 11:00	134.3	29.0	601.0	569.0	5.544	203.20793663333333	unknown	on
2026-09-22 11:05	135.6	29.6	660.0	583.0	5.544	208.20793663333333	unknown	on
2026-09-22 11:10	136.9	30.1	741.0	612.0	5.544	213.20793663333333	unknown	on
2026-09-22 11:15	138.3	30.6	808.0	644.0	5.544	218.20793663333333	unknown	on
2026-09-22 11:20	139.6	31.1	823.0	672.0	5.544	223.20793663333333	unknown	on
2026-09-22 11:25	140.9	31.6	769.0	693.0	5.544	228.20793663333333	unknown	on
2026-09-22 11:30	142.3	32.1	709.0	706.0	5.544	233.20793663333333	unknown	on
2026-09-22 11:35	143.7	32.6	731.0	739.0	5.544	238.20793663333333	unknown	on
2026-09-22 11:40	145.1	33.0	704.0	738.0	5.544	243.20793663333333	unknown	on
2026-09-22 11:45	146.5	33.5	665.0	728.0	5.544	248.20793663333333	unknown	on
2026-09-22 11:50	147.9	33.9	651.0	736.0	5.544	253.20793663333333	unknown	on
2026-09-22 11:55	149.3	34.3	909.0	788.0	5.544	258.20793663333336	unknown	on
2026-09-22 12:00	150.7	34.7	1173.0	847.0	5.544	263.20793663333336	unknown	on
2026-09-22 12:05	152.2	35.0	1189.0	858.0	5.544	268.20793663333336	unknown	on
2026-09-22 12:10	153.7	35.4	1003.0	874.0	7.416	3.2075240666666667	unknown	on
2026-09-22 12:15	155.2	35.7	846.0	895.0	7.416	8.207524066666666	unknown	on
2026-09-22 12:20	156.6	36.0	791.0	878.0	7.416	13.207524066666668	unknown	on
2026-09-22 12:25	158.2	36.3	825.0	917.0	7.416	18.207524066666668	unknown	on
2026-09-22 12:30	159.7	36.6	932.0	982.0	7.416	23.207524066666668	unknown	on
2026-09-22 12:35	161.2	36.9	1099.0	1021.0	7.416	28.207524066666668	unknown	on
2026-09-22 12:40	162.7	37.1	1273.0	1032.0	9.252	3.2070362833333332	unknown	on
2026-09-22 12:45	164.3	37.3	1329.0	1034.0	9.252	8.207036283333332	unknown	on
2026-09-22 12:50	165.8	37.5	1384.0	1090.0	9.252	13.207036283333334	unknown	off
2026-09-22 12:55	167.4	37.7	1319.0	1142.0	9.252	18.20703628333333	unknown	off
2026-09-22 13:00	169.0	37.8	1302.0	1187.0	9.252	23.20703628333333	unknown	off
2026-09-22 13:05	170.5	38.0	1265.0	1255.0	9.252	28.20703628333333	unknown	off
2026-09-22 13:10	172.1	38.1	1293.0	1296.0	9.252	33.20703628333333	unknown	off
2026-09-22 13:15	173.7	38.2	1308.0	1310.0	9.252	38.20703628333333	unknown	off
2026-09-22 13:20	175.3	38.3	1238.0	1301.0	9.252	43.20703628333333	unknown	on
2026-09-22 13:25	176.9	38.3	1150.0	1254.0	9.252	48.20703628333333	unknown	on
2026-09-22 13:30	178.5	38.3	1053.0	1221.0	9.252	53.20703628333333	unknown	on
2026-09-22 13:35	180.1	38.3	955.0	1153.0	9.252	58.20703628333333	unknown	on
2026-09-22 13:40	181.7	38.3	939.0	1129.0	5.544	3.207798133333333	unknown	on
2026-09-22 13:45	183.3	38.3	902.0	1087.0	5.544	8.207798133333334	unknown	on
2026-09-22 13:50	184.8	38.2	884.0	1025.0	5.544	13.207798133333334	unknown	off
2026-09-22 13:55	186.4	38.2	807.0	967.0	5.544	18.20779813333333	unknown	off
2026-09-22 14:00	188.0	38.1	897.0	947.0	5.544	23.20779813333333	unknown	off
2026-09-22 14:05	189.6	37.9	917.0	917.0	5.544	28.20779813333333	unknown	off
2026-09-22 14:10	191.2	37.8	875.0	876.0	7.416	3.2075431666666665	unknown	off
2026-09-22 14:15	192.7	37.6	722.0	841.0	7.416	8.207543166666666	unknown	off
2026-09-22 14:20	194.3	37.5	706.0	834.0	7.416	13.207543166666666	unknown	off
2026-09-22 14:25	195.9	37.3	750.0	812.0	7.416	18.207543166666667	unknown	off
2026-09-22 14:30	197.4	37.0	821.0	813.0	7.416	23.207543166666667	unknown	off
2026-09-22 14:35	198.9	36.8	817.0	813.0	7.416	28.207543166666667	unknown	off
2026-09-22 14:40	200.5	36.5	755.0	793.0	5.544	3.207230033333333	unknown	off
2026-09-22 14:45	202.0	36.3	635.0	726.0	5.544	8.207230033333333	unknown	off
2026-09-22 14:50	203.5	36.0	546.0	692.0	5.544	13.207230033333333	unknown	off
2026-09-22 14:55	205.0	35.6	534.0	680.0	5.544	18.207230033333335	unknown	off
2026-09-22 15:00	206.4	35.3	601.0	685.0	5.544	23.207230033333335	unknown	off
2026-09-22 15:05	207.9	34.9	931.0	762.0	5.544	28.207230033333335	unknown	off
2026-09-22 15:10	209.4	34.6	1271.0	848.0	9.252	3.2080192166666666	unknown	off
2026-09-22 15:15	210.8	34.2	1451.0	892.0	9.252	8.208019216666667	unknown	off
2026-09-22 15:20	212.2	33.8	1292.0	929.0	9.252	13.208019216666665	unknown	off
2026-09-22 15:25	213.6	33.4	1057.0	953.0	9.252	18.208019216666667	unknown	off
2026-09-22 15:30	215.0	32.9	936.0	998.0	9.252	23.208019216666667	unknown	off
2026-09-22 15:35	216.4	32.5	835.0	1028.0	9.252	28.208019216666667	unknown	off
2026-09-22 15:40	217.8	32.0	773.0	1033.0	6.444	3.2084235833333334	11.268	off
2026-09-22 15:45	219.2	31.5	612.0	1001.0	6.444	8.208423583333333	11.268	off
2026-09-22 15:50	220.5	31.0	456.0	860.0	5.544	3.2082564999999996	unknown	off
2026-09-22 15:55	221.8	30.5	320.0	716.0	5.544	8.2082565	unknown	off
2026-09-22 16:00	223.1	30.0	248.0	599.0	5.544	13.208256500000001	unknown	off
2026-09-22 16:05	224.4	29.5	201.0	497.0	5.544	18.2082565	unknown	off
2026-09-22 16:10	225.7	28.9	166.0	419.0	7.416	3.2086023000000004	unknown	off
2026-09-22 16:15	227.0	28.4	135.0	330.0	7.416	8.2086023	unknown	off
2026-09-22 16:20	228.3	27.8	122.0	259.0	7.416	13.208602299999999	unknown	off
2026-09-22 16:25	229.5	27.2	131.0	205.0	7.416	18.2086023	unknown	off
2026-09-22 16:30	230.7	26.6	166.0	182.0	8.064	3.2083855666666663	16.092	off
2026-09-22 16:35	232.0	26.0	239.0	186.0	8.064	8.208385566666667	16.092	off
2026-09-22 16:40	233.2	25.4	422.0	238.0	3.708	3.2083548	unknown	off
2026-09-22 16:45	234.4	24.8	578.0	291.0	3.708	8.2083548	unknown	off
2026-09-22 16:50	235.6	24.1	601.0	321.0	3.708	13.2083548	unknown	off
2026-09-22 16:55	236.7	23.5	452.0	339.0	3.708	18.2083548	unknown	off
2026-09-22 17:00	237.9	22.8	290.0	346.0	3.708	23.2083548	unknown	off
2026-09-22 17:05	239.0	22.2	212.0	352.0	3.708	28.2083548	unknown	off
2026-09-22 17:10	240.2	21.5	198.0	361.0	7.416	3.20794275	unknown	off
2026-09-22 17:15	241.3	20.8	265.0	377.0	7.416	8.207942749999999	unknown	off
2026-09-22 17:20	242.4	20.2	351.0	385.0	7.416	13.20794275	unknown	off
2026-09-22 17:25	243.5	19.5	325.0	323.0	7.416	18.207942749999997	unknown	off
2026-09-22 17:30	244.6	18.8	219.0	260.0	7.416	23.207942749999997	unknown	off
2026-09-22 17:35	245.7	18.1	100.0	221.0	7.416	28.207942749999997	unknown	off
2026-09-22 17:40	246.8	17.4	65.0	196.0	3.708	3.2076404833333334	unknown	off
2026-09-22 17:45	247.9	16.6	48.0	180.0	3.708	8.207640483333334	unknown	on
2026-09-22 17:50	248.9	15.9	40.0	164.0	3.708	13.207640483333334	unknown	on
2026-09-22 17:55	250.0	15.2	40.0	142.0	3.708	18.207640483333332	unknown	on
2026-09-22 18:00	251.1	14.5	44.0	103.0	3.708	23.207640483333332	unknown	on
2026-09-22 18:05	252.1	13.7	54.0	64.0	3.708	28.207640483333332	unknown	off
2026-09-22 18:10	253.1	13.0	70.0	58.0	7.416	3.207949566666667	unknown	off
2026-09-22 18:15	254.2	12.3	78.0	57.0	7.416	8.207949566666667	unknown	off
2026-09-22 18:20	255.2	11.5	75.0	56.0	7.416	13.207949566666667	unknown	off
2026-09-22 18:25	256.2	10.8	65.0	58.0	7.416	18.207949566666667	unknown	off
2026-09-22 18:30	257.2	10.0	56.0	60.0	7.416	23.207949566666667	unknown	off
2026-09-22 18:35	258.2	9.3	49.0	60.0	7.416	28.207949566666667	unknown	off
2026-09-22 18:40	259.2	8.5	37.0	57.0	1.836	3.2071427666666663	unknown	off
2026-09-22 18:45	260.2	7.7	24.0	53.0	1.836	8.207142766666667	unknown	off
2026-09-22 18:50	261.2	7.0	22.0	49.0	1.836	13.207142766666667	unknown	off
2026-09-22 18:55	262.2	6.2	24.0	42.0	1.836	18.207142766666667	unknown	off
2026-09-22 19:00	263.2	5.4	22.0	34.0	3.204	3.208021616666667	6.444	off
2026-09-22 19:05	264.2	4.7	11.0	28.0	3.204	8.208021616666667	6.444	off
2026-09-22 19:10	265.2	3.9	6.0	22.0	3.708	3.2082761333333334	unknown	off
2026-09-22 19:15	266.2	3.1	6.0	17.0	3.708	8.208276133333333	unknown	off
2026-09-22 19:20	267.2	2.4	5.0	13.0	3.708	13.208276133333333	unknown	off
2026-09-22 19:25	268.2	1.6	1.0	11.0	3.708	18.208276133333335	unknown	off
2026-09-22 19:30	269.1	0.8	0.0	9.0	3.708	23.208276133333335	unknown	off
2026-09-22 19:35	270.1	0.0	0.0	5.0	3.708	28.208276133333335	unknown	off
2026-09-22 19:40	271.1	-0.7	0.0	2.0	3.708	33.208276133333335	unknown	off
2026-09-22 19:45	272.1	-1.5	0.0	2.0	3.708	38.208276133333335	unknown	off
2026-09-22 19:50	273.1	-2.3	0.0	2.0	3.708	43.208276133333335	unknown	off
2026-09-22 19:55	274.1	-3.1	0.0	0.0	3.708	48.208276133333335	unknown	off
2026-09-22 20:00	275.0	-3.8	0.0	0.0	3.708	53.208276133333335	unknown	off
2026-09-22 20:05	276.0	-4.6	0.0	0.0	3.708	58.208276133333335	unknown	off
2026-09-22 20:10	277.0	-5.4	0.0	0.0	1.836	3.2085236666666663	unknown	off
2026-09-22 20:15	278.0	-6.1	0.0	0.0	1.836	8.208523666666666	unknown	off
2026-09-22 20:20	279.0	-6.9	0.0	0.0	1.836	13.208523666666668	unknown	off
2026-09-22 20:25	280.0	-7.7	0.0	0.0	1.836	18.208523666666668	unknown	off
2026-09-22 20:30	281.0	-8.4	0.0	0.0	1.836	23.208523666666668	unknown	off
2026-09-22 20:35	282.0	-9.2	0.0	0.0	1.836	28.208523666666668	unknown	off
2026-09-22 20:40	283.0	-9.9	0.0	0.0	1.62	3.2076747333333335	1.62	off
2026-09-22 20:45	284.0	-10.7	0.0	0.0	1.62	8.207674733333333	1.62	off
2026-09-22 20:50	285.1	-11.4	0.0	0.0	0.0	3.207900216666667	unknown	off
2026-09-22 20:55	286.1	-12.2	0.0	0.0	0.0	8.207900216666667	unknown	off
2026-09-22 21:00	287.1	-12.9	0.0	0.0	0.0	13.207900216666667	unknown	off
2026-09-22 21:05	288.2	-13.7	0.0	0.0	0.0	18.207900216666665	unknown	off
2026-09-22 21:10	289.2	-14.4	0.0	0.0	0.0	23.207900216666665	unknown	off
2026-09-22 21:15	290.3	-15.1	0.0	0.0	0.0	28.207900216666665	unknown	off
2026-09-22 21:20	291.3	-15.8	0.0	0.0	0.0	33.207900216666665	unknown	off
2026-09-22 21:25	292.4	-16.6	0.0	0.0	0.0	38.207900216666665	unknown	off
2026-09-22 21:30	293.5	-17.3	0.0	0.0	0.0	43.207900216666665	unknown	off
2026-09-22 21:35	294.5	-18.0	0.0	0.0	0.0	48.207900216666665	unknown	off
2026-09-22 21:40	295.6	-18.7	0.0	0.0	0.0	53.207900216666665	unknown	off
2026-09-22 21:45	296.7	-19.4	0.0	0.0	0.0	58.207900216666665	unknown	off
2026-09-22 21:50	297.8	-20.1	0.0	0.0	0.0	63.207900216666665	unknown	off
2026-09-22 21:55	299.0	-20.7	0.0	0.0	0.0	68.20790021666667	unknown	off
2026-09-22 22:00	300.1	-21.4	0.0	0.0	0.0	73.20790021666667	unknown	off
2026-09-22 22:05	301.2	-22.1	0.0	0.0	0.0	78.20790021666667	unknown	off
2026-09-22 22:10	302.4	-22.7	0.0	0.0	0.0	83.20790021666667	unknown	off
2026-09-22 22:15	303.5	-23.4	0.0	0.0	0.0	88.20790021666667	unknown	off
2026-09-22 22:20	304.7	-24.0	0.0	0.0	0.0	93.20790021666667	unknown	off
2026-09-22 22:25	305.9	-24.7	0.0	0.0	0.0	98.20790021666667	unknown	off
2026-09-22 22:30	307.1	-25.3	0.0	0.0	0.0	103.20790021666667	unknown	off
2026-09-22 22:35	308.3	-25.9	0.0	0.0	0.0	108.20790021666667	unknown	off
2026-09-22 22:40	309.5	-26.5	0.0	0.0	0.0	113.20790021666667	unknown	off
2026-09-22 22:45	310.8	-27.1	0.0	0.0	0.0	118.20790021666667	unknown	off
2026-09-22 22:50	312.0	-27.7	0.0	0.0	0.0	123.20790021666667	unknown	off
2026-09-22 22:55	313.3	-28.2	0.0	0.0	0.0	128.20790021666667	unknown	off
2026-09-22 23:00	314.5	-28.8	0.0	0.0	0.0	133.20790021666667	unknown	off
2026-09-22 23:05	315.8	-29.3	0.0	0.0	0.0	138.20790021666664	unknown	off
2026-09-22 23:10	317.1	-29.9	0.0	0.0	0.0	143.20790021666664	unknown	off
2026-09-22 23:15	318.4	-30.4	0.0	0.0	0.0	148.20790021666664	unknown	off
2026-09-22 23:20	319.8	-30.9	0.0	0.0	0.0	153.20790021666664	unknown	off
2026-09-22 23:25	321.1	-31.4	0.0	0.0	0.0	158.20790021666664	unknown	off
2026-09-22 23:30	322.5	-31.9	0.0	0.0	0.0	163.20790021666664	unknown	off
2026-09-22 23:35	323.8	-32.3	0.0	0.0	0.0	168.20790021666664	unknown	off
2026-09-22 23:40	325.2	-32.8	0.0	0.0	0.0	173.20790021666664	unknown	off
2026-09-22 23:45	326.6	-33.2	0.0	0.0	0.0	178.20790021666664	unknown	off
2026-09-22 23:50	328.0	-33.6	0.0	0.0	0.0	183.20790021666664	unknown	off
2026-09-22 23:55	329.5	-34.0	0.0	0.0	0.0	188.20790021666664	unknown	off
